"LOCATION","INDICATOR","SUBJECT","MEASURE","FREQUENCY","TIME","Value","Flag Codes"
"PRT","LTINT","TOT","PC_PA","A","1994",10.47833,
"PRT","LTINT","TOT","PC_PA","A","1995",11.465,
"PRT","LTINT","TOT","PC_PA","A","1996",8.559167,
"PRT","LTINT","TOT","PC_PA","A","1997",6.358333,
"PRT","LTINT","TOT","PC_PA","A","1998",4.8775,
"PRT","LTINT","TOT","PC_PA","A","1999",4.7775,
"PRT","LTINT","TOT","PC_PA","A","2000",5.595,
"PRT","LTINT","TOT","PC_PA","A","2001",5.158333,
"PRT","LTINT","TOT","PC_PA","A","2002",5.005833,
"PRT","LTINT","TOT","PC_PA","A","2003",4.178333,
"PRT","LTINT","TOT","PC_PA","A","2004",4.143333,
"PRT","LTINT","TOT","PC_PA","A","2005",3.4375,
"PRT","LTINT","TOT","PC_PA","A","2006",3.915,
"PRT","LTINT","TOT","PC_PA","A","2007",4.423333,
"PRT","LTINT","TOT","PC_PA","A","2008",4.519166,
"PRT","LTINT","TOT","PC_PA","A","2009",4.210834,
"PRT","LTINT","TOT","PC_PA","A","2010",5.395833,
"PRT","LTINT","TOT","PC_PA","A","2011",10.23917,
"PRT","LTINT","TOT","PC_PA","A","2012",10.5475,
"PRT","LTINT","TOT","PC_PA","A","2013",6.294167,
"PRT","LTINT","TOT","PC_PA","A","2014",3.754167,
"PRT","LTINT","TOT","PC_PA","A","2015",2.423333,
"PRT","LTINT","TOT","PC_PA","A","2016",3.171667,
"PRT","LTINT","TOT","PC_PA","A","2017",3.0525,
"PRT","LTINT","TOT","PC_PA","A","2018",1.839167,
"PRT","LTINT","TOT","PC_PA","A","2019",0.7575,
"PRT","LTINT","TOT","PC_PA","A","2020",0.4166667,
"PRT","LTINT","TOT","PC_PA","A","2021",0.295,
"NOR","LTINT","TOT","PC_PA","A","1985",12.91167,
"NOR","LTINT","TOT","PC_PA","A","1986",13.29917,
"NOR","LTINT","TOT","PC_PA","A","1987",13.305,
"NOR","LTINT","TOT","PC_PA","A","1988",12.89583,
"NOR","LTINT","TOT","PC_PA","A","1989",10.82583,
"NOR","LTINT","TOT","PC_PA","A","1990",10.68,
"NOR","LTINT","TOT","PC_PA","A","1991",9.996667,
"NOR","LTINT","TOT","PC_PA","A","1992",9.606667,
"NOR","LTINT","TOT","PC_PA","A","1993",6.880833,
"NOR","LTINT","TOT","PC_PA","A","1994",7.435833,
"NOR","LTINT","TOT","PC_PA","A","1995",7.424167,
"NOR","LTINT","TOT","PC_PA","A","1996",6.773334,
"NOR","LTINT","TOT","PC_PA","A","1997",5.888333,
"NOR","LTINT","TOT","PC_PA","A","1998",5.4,
"NOR","LTINT","TOT","PC_PA","A","1999",5.4975,
"NOR","LTINT","TOT","PC_PA","A","2000",6.218333,
"NOR","LTINT","TOT","PC_PA","A","2001",6.236667,
"NOR","LTINT","TOT","PC_PA","A","2002",6.384167,
"NOR","LTINT","TOT","PC_PA","A","2003",5.045,
"NOR","LTINT","TOT","PC_PA","A","2004",4.368333,
"NOR","LTINT","TOT","PC_PA","A","2005",3.745833,
"NOR","LTINT","TOT","PC_PA","A","2006",4.076667,
"NOR","LTINT","TOT","PC_PA","A","2007",4.774167,
"NOR","LTINT","TOT","PC_PA","A","2008",4.458333,
"NOR","LTINT","TOT","PC_PA","A","2009",3.998333,
"NOR","LTINT","TOT","PC_PA","A","2010",3.528333,
"NOR","LTINT","TOT","PC_PA","A","2011",3.135,
"NOR","LTINT","TOT","PC_PA","A","2012",2.101667,
"NOR","LTINT","TOT","PC_PA","A","2013",2.5775,
"NOR","LTINT","TOT","PC_PA","A","2014",2.515,
"NOR","LTINT","TOT","PC_PA","A","2015",1.565,
"NOR","LTINT","TOT","PC_PA","A","2016",1.331667,
"NOR","LTINT","TOT","PC_PA","A","2017",1.6375,
"NOR","LTINT","TOT","PC_PA","A","2018",1.879167,
"NOR","LTINT","TOT","PC_PA","A","2019",1.494167,
"NOR","LTINT","TOT","PC_PA","A","2020",0.8175,
"NOR","LTINT","TOT","PC_PA","A","2021",1.41587,
"AUS","LTINT","TOT","PC_PA","A","1970",6.646667,
"AUS","LTINT","TOT","PC_PA","A","1971",6.713333,
"AUS","LTINT","TOT","PC_PA","A","1972",5.831666,
"AUS","LTINT","TOT","PC_PA","A","1973",6.933333,
"AUS","LTINT","TOT","PC_PA","A","1974",9.036667,
"AUS","LTINT","TOT","PC_PA","A","1975",9.741667,
"AUS","LTINT","TOT","PC_PA","A","1976",10.03083,
"AUS","LTINT","TOT","PC_PA","A","1977",10.22667,
"AUS","LTINT","TOT","PC_PA","A","1978",9.06,
"AUS","LTINT","TOT","PC_PA","A","1979",9.749166,
"AUS","LTINT","TOT","PC_PA","A","1980",11.6475,
"AUS","LTINT","TOT","PC_PA","A","1981",13.95833,
"AUS","LTINT","TOT","PC_PA","A","1982",15.375,
"AUS","LTINT","TOT","PC_PA","A","1983",13.8875,
"AUS","LTINT","TOT","PC_PA","A","1984",13.525,
"AUS","LTINT","TOT","PC_PA","A","1985",13.95417,
"AUS","LTINT","TOT","PC_PA","A","1986",13.41667,
"AUS","LTINT","TOT","PC_PA","A","1987",13.19167,
"AUS","LTINT","TOT","PC_PA","A","1988",12.10417,
"AUS","LTINT","TOT","PC_PA","A","1989",13.40833,
"AUS","LTINT","TOT","PC_PA","A","1990",13.18,
"AUS","LTINT","TOT","PC_PA","A","1991",10.69083,
"AUS","LTINT","TOT","PC_PA","A","1992",9.22,
"AUS","LTINT","TOT","PC_PA","A","1993",7.280833,
"AUS","LTINT","TOT","PC_PA","A","1994",9.041667,
"AUS","LTINT","TOT","PC_PA","A","1995",9.210896,
"AUS","LTINT","TOT","PC_PA","A","1996",8.209207,
"AUS","LTINT","TOT","PC_PA","A","1997",6.954918,
"AUS","LTINT","TOT","PC_PA","A","1998",5.49297,
"AUS","LTINT","TOT","PC_PA","A","1999",6.009312,
"AUS","LTINT","TOT","PC_PA","A","2000",6.314569,
"AUS","LTINT","TOT","PC_PA","A","2001",5.615264,
"AUS","LTINT","TOT","PC_PA","A","2002",5.843958,
"AUS","LTINT","TOT","PC_PA","A","2003",5.366776,
"AUS","LTINT","TOT","PC_PA","A","2004",5.590775,
"AUS","LTINT","TOT","PC_PA","A","2005",5.339973,
"AUS","LTINT","TOT","PC_PA","A","2006",5.587872,
"AUS","LTINT","TOT","PC_PA","A","2007",5.994521,
"AUS","LTINT","TOT","PC_PA","A","2008",5.817944,
"AUS","LTINT","TOT","PC_PA","A","2009",5.039512,
"AUS","LTINT","TOT","PC_PA","A","2010",5.366042,
"AUS","LTINT","TOT","PC_PA","A","2011",4.879583,
"AUS","LTINT","TOT","PC_PA","A","2012",3.379167,
"AUS","LTINT","TOT","PC_PA","A","2013",3.697292,
"AUS","LTINT","TOT","PC_PA","A","2014",3.656667,
"AUS","LTINT","TOT","PC_PA","A","2015",2.710833,
"AUS","LTINT","TOT","PC_PA","A","2016",2.336667,
"AUS","LTINT","TOT","PC_PA","A","2017",2.639167,
"AUS","LTINT","TOT","PC_PA","A","2018",2.684167,
"AUS","LTINT","TOT","PC_PA","A","2019",1.493333,
"AUS","LTINT","TOT","PC_PA","A","2020",0.9208333,
"AUS","LTINT","TOT","PC_PA","A","2021",1.48,
"ITA","LTINT","TOT","PC_PA","A","1992",13.2663,
"ITA","LTINT","TOT","PC_PA","A","1993",11.18733,
"ITA","LTINT","TOT","PC_PA","A","1994",10.51925,
"ITA","LTINT","TOT","PC_PA","A","1995",12.20633,
"ITA","LTINT","TOT","PC_PA","A","1996",9.40125,
"ITA","LTINT","TOT","PC_PA","A","1997",6.86075,
"ITA","LTINT","TOT","PC_PA","A","1998",4.882333,
"ITA","LTINT","TOT","PC_PA","A","1999",4.727667,
"ITA","LTINT","TOT","PC_PA","A","2000",5.575167,
"ITA","LTINT","TOT","PC_PA","A","2001",5.18875,
"ITA","LTINT","TOT","PC_PA","A","2002",5.034333,
"ITA","LTINT","TOT","PC_PA","A","2003",4.248083,
"ITA","LTINT","TOT","PC_PA","A","2004",4.258833,
"ITA","LTINT","TOT","PC_PA","A","2005",3.55525,
"ITA","LTINT","TOT","PC_PA","A","2006",4.046417,
"ITA","LTINT","TOT","PC_PA","A","2007",4.48725,
"ITA","LTINT","TOT","PC_PA","A","2008",4.681334,
"ITA","LTINT","TOT","PC_PA","A","2009",4.311167,
"ITA","LTINT","TOT","PC_PA","A","2010",4.035833,
"ITA","LTINT","TOT","PC_PA","A","2011",5.422833,
"ITA","LTINT","TOT","PC_PA","A","2012",5.49275,
"ITA","LTINT","TOT","PC_PA","A","2013",4.316417,
"ITA","LTINT","TOT","PC_PA","A","2014",2.893167,
"ITA","LTINT","TOT","PC_PA","A","2015",1.713917,
"ITA","LTINT","TOT","PC_PA","A","2016",1.486333,
"ITA","LTINT","TOT","PC_PA","A","2017",2.113,
"ITA","LTINT","TOT","PC_PA","A","2018",2.610333,
"ITA","LTINT","TOT","PC_PA","A","2019",1.9515,
"ITA","LTINT","TOT","PC_PA","A","2020",1.168167,
"ITA","LTINT","TOT","PC_PA","A","2021",0.8109167,
"SVK","LTINT","TOT","PC_PA","A","2001",8.043349,
"SVK","LTINT","TOT","PC_PA","A","2002",6.934373,
"SVK","LTINT","TOT","PC_PA","A","2003",4.985866,
"SVK","LTINT","TOT","PC_PA","A","2004",5.026144,
"SVK","LTINT","TOT","PC_PA","A","2005",3.52158,
"SVK","LTINT","TOT","PC_PA","A","2006",4.412181,
"SVK","LTINT","TOT","PC_PA","A","2007",4.490726,
"SVK","LTINT","TOT","PC_PA","A","2008",4.723183,
"SVK","LTINT","TOT","PC_PA","A","2009",4.706512,
"SVK","LTINT","TOT","PC_PA","A","2010",3.871647,
"SVK","LTINT","TOT","PC_PA","A","2011",4.448205,
"SVK","LTINT","TOT","PC_PA","A","2012",4.553231,
"SVK","LTINT","TOT","PC_PA","A","2013",3.186377,
"SVK","LTINT","TOT","PC_PA","A","2014",2.071702,
"SVK","LTINT","TOT","PC_PA","A","2015",0.88525,
"SVK","LTINT","TOT","PC_PA","A","2016",0.5444093,
"SVK","LTINT","TOT","PC_PA","A","2017",0.9153607,
"SVK","LTINT","TOT","PC_PA","A","2018",0.885511,
"SVK","LTINT","TOT","PC_PA","A","2019",0.2463108,
"SVK","LTINT","TOT","PC_PA","A","2020",-0.03828775,
"SVK","LTINT","TOT","PC_PA","A","2021",-0.08023517,
"GRC","LTINT","TOT","PC_PA","A","1998",8.481667,
"GRC","LTINT","TOT","PC_PA","A","1999",6.308333,
"GRC","LTINT","TOT","PC_PA","A","2000",6.108333,
"GRC","LTINT","TOT","PC_PA","A","2001",5.304167,
"GRC","LTINT","TOT","PC_PA","A","2002",5.1225,
"GRC","LTINT","TOT","PC_PA","A","2003",4.2675,
"GRC","LTINT","TOT","PC_PA","A","2004",4.255833,
"GRC","LTINT","TOT","PC_PA","A","2005",3.585,
"GRC","LTINT","TOT","PC_PA","A","2006",4.07,
"GRC","LTINT","TOT","PC_PA","A","2007",4.5,
"GRC","LTINT","TOT","PC_PA","A","2008",4.8025,
"GRC","LTINT","TOT","PC_PA","A","2009",5.174167,
"GRC","LTINT","TOT","PC_PA","A","2010",9.091666,
"GRC","LTINT","TOT","PC_PA","A","2011",15.74917,
"GRC","LTINT","TOT","PC_PA","A","2012",22.4975,
"GRC","LTINT","TOT","PC_PA","A","2013",10.05417,
"GRC","LTINT","TOT","PC_PA","A","2014",6.929167,
"GRC","LTINT","TOT","PC_PA","A","2015",9.666364,
"GRC","LTINT","TOT","PC_PA","A","2016",8.36,
"GRC","LTINT","TOT","PC_PA","A","2017",5.978333,
"GRC","LTINT","TOT","PC_PA","A","2018",4.185,
"GRC","LTINT","TOT","PC_PA","A","2019",2.585833,
"GRC","LTINT","TOT","PC_PA","A","2020",1.271667,
"GRC","LTINT","TOT","PC_PA","A","2021",0.8841667,
"MEX","LTINT","TOT","PC_PA","A","2002",10.125,
"MEX","LTINT","TOT","PC_PA","A","2003",8.981667,
"MEX","LTINT","TOT","PC_PA","A","2004",9.538333,
"MEX","LTINT","TOT","PC_PA","A","2005",9.4175,
"MEX","LTINT","TOT","PC_PA","A","2006",8.388333,
"CHL","LTINT","TOT","PC_PA","A","2005",6.049167,
"CHL","LTINT","TOT","PC_PA","A","2006",6.16,
"CHL","LTINT","TOT","PC_PA","A","2007",6.0875,
"CHL","LTINT","TOT","PC_PA","A","2008",7.10119,
"CHL","LTINT","TOT","PC_PA","A","2009",5.665295,
"CHL","LTINT","TOT","PC_PA","A","2010",6.252874,
"CHL","LTINT","TOT","PC_PA","A","2011",5.969645,
"CHL","LTINT","TOT","PC_PA","A","2012",5.42557,
"CHL","LTINT","TOT","PC_PA","A","2013",5.308737,
"CHL","LTINT","TOT","PC_PA","A","2014",4.736615,
"CHL","LTINT","TOT","PC_PA","A","2015",4.480221,
"CHL","LTINT","TOT","PC_PA","A","2016",4.405277,
"CHL","LTINT","TOT","PC_PA","A","2017",4.244958,
"CHL","LTINT","TOT","PC_PA","A","2018",4.497857,
"CHL","LTINT","TOT","PC_PA","A","2019",3.577887,
"CHL","LTINT","TOT","PC_PA","A","2020",2.798563,
"CHL","LTINT","TOT","PC_PA","A","2021",4.36159,
"SVN","LTINT","TOT","PC_PA","A","2003",6.401667,
"SVN","LTINT","TOT","PC_PA","A","2004",4.683333,
"SVN","LTINT","TOT","PC_PA","A","2005",3.806667,
"SVN","LTINT","TOT","PC_PA","A","2006",3.853333,
"SVN","LTINT","TOT","PC_PA","A","2007",4.53075,
"SVN","LTINT","TOT","PC_PA","A","2008",4.606333,
"SVN","LTINT","TOT","PC_PA","A","2009",4.375,
"SVN","LTINT","TOT","PC_PA","A","2010",3.8325,
"SVN","LTINT","TOT","PC_PA","A","2011",4.970917,
"SVN","LTINT","TOT","PC_PA","A","2012",5.808333,
"SVN","LTINT","TOT","PC_PA","A","2013",5.811666,
"SVN","LTINT","TOT","PC_PA","A","2014",3.27,
"SVN","LTINT","TOT","PC_PA","A","2015",1.705,
"SVN","LTINT","TOT","PC_PA","A","2016",1.149167,
"SVN","LTINT","TOT","PC_PA","A","2017",0.96,
"SVN","LTINT","TOT","PC_PA","A","2018",0.9308333,
"SVN","LTINT","TOT","PC_PA","A","2019",0.275,
"SVN","LTINT","TOT","PC_PA","A","2020",0.079,
"SVN","LTINT","TOT","PC_PA","A","2021",0.07083333,
"CHE","LTINT","TOT","PC_PA","A","1955",2.9825,
"CHE","LTINT","TOT","PC_PA","A","1956",3.125,
"CHE","LTINT","TOT","PC_PA","A","1957",3.6675,
"CHE","LTINT","TOT","PC_PA","A","1958",3.153333,
"CHE","LTINT","TOT","PC_PA","A","1959",3.076667,
"CHE","LTINT","TOT","PC_PA","A","1960",3.0925,
"CHE","LTINT","TOT","PC_PA","A","1961",2.955833,
"CHE","LTINT","TOT","PC_PA","A","1962",3.124167,
"CHE","LTINT","TOT","PC_PA","A","1963",3.246667,
"CHE","LTINT","TOT","PC_PA","A","1964",3.970833,
"CHE","LTINT","TOT","PC_PA","A","1965",3.945833,
"CHE","LTINT","TOT","PC_PA","A","1966",4.164166,
"CHE","LTINT","TOT","PC_PA","A","1967",4.603333,
"CHE","LTINT","TOT","PC_PA","A","1968",4.3725,
"CHE","LTINT","TOT","PC_PA","A","1969",4.9,
"CHE","LTINT","TOT","PC_PA","A","1970",5.715833,
"CHE","LTINT","TOT","PC_PA","A","1971",5.265833,
"CHE","LTINT","TOT","PC_PA","A","1972",4.963333,
"CHE","LTINT","TOT","PC_PA","A","1973",5.594167,
"CHE","LTINT","TOT","PC_PA","A","1974",7.129167,
"CHE","LTINT","TOT","PC_PA","A","1975",6.435833,
"CHE","LTINT","TOT","PC_PA","A","1976",4.9825,
"CHE","LTINT","TOT","PC_PA","A","1977",4.045,
"CHE","LTINT","TOT","PC_PA","A","1978",3.326667,
"CHE","LTINT","TOT","PC_PA","A","1979",3.4525,
"CHE","LTINT","TOT","PC_PA","A","1980",4.7625,
"CHE","LTINT","TOT","PC_PA","A","1981",5.57,
"CHE","LTINT","TOT","PC_PA","A","1982",4.598333,
"CHE","LTINT","TOT","PC_PA","A","1983",4.174167,
"CHE","LTINT","TOT","PC_PA","A","1984",4.552917,
"CHE","LTINT","TOT","PC_PA","A","1985",4.700083,
"CHE","LTINT","TOT","PC_PA","A","1986",4.229917,
"CHE","LTINT","TOT","PC_PA","A","1987",4.03275,
"CHE","LTINT","TOT","PC_PA","A","1988",4.01975,
"CHE","LTINT","TOT","PC_PA","A","1989",5.197333,
"CHE","LTINT","TOT","PC_PA","A","1990",6.449417,
"CHE","LTINT","TOT","PC_PA","A","1991",6.239657,
"CHE","LTINT","TOT","PC_PA","A","1992",6.398413,
"CHE","LTINT","TOT","PC_PA","A","1993",4.552369,
"CHE","LTINT","TOT","PC_PA","A","1994",4.958611,
"CHE","LTINT","TOT","PC_PA","A","1995",4.521454,
"CHE","LTINT","TOT","PC_PA","A","1996",3.998025,
"CHE","LTINT","TOT","PC_PA","A","1997",3.356441,"B"
"CHE","LTINT","TOT","PC_PA","A","1998",3.044583,
"CHE","LTINT","TOT","PC_PA","A","1999",3.039333,
"CHE","LTINT","TOT","PC_PA","A","2000",3.925083,
"CHE","LTINT","TOT","PC_PA","A","2001",3.38175,
"CHE","LTINT","TOT","PC_PA","A","2002",3.198917,
"CHE","LTINT","TOT","PC_PA","A","2003",2.65875,
"CHE","LTINT","TOT","PC_PA","A","2004",2.740167,
"CHE","LTINT","TOT","PC_PA","A","2005",2.0955,
"CHE","LTINT","TOT","PC_PA","A","2006",2.517083,
"CHE","LTINT","TOT","PC_PA","A","2007",2.92675,
"CHE","LTINT","TOT","PC_PA","A","2008",2.896833,
"CHE","LTINT","TOT","PC_PA","A","2009",2.202667,
"CHE","LTINT","TOT","PC_PA","A","2010",1.631667,
"CHE","LTINT","TOT","PC_PA","A","2011",1.471667,
"CHE","LTINT","TOT","PC_PA","A","2012",0.6466666,
"CHE","LTINT","TOT","PC_PA","A","2013",0.9491667,
"CHE","LTINT","TOT","PC_PA","A","2014",0.6925,
"CHE","LTINT","TOT","PC_PA","A","2015",-0.06916667,
"CHE","LTINT","TOT","PC_PA","A","2016",-0.362,
"CHE","LTINT","TOT","PC_PA","A","2017",-0.07208333,
"CHE","LTINT","TOT","PC_PA","A","2018",0.03316667,
"CHE","LTINT","TOT","PC_PA","A","2019",-0.489,
"CHE","LTINT","TOT","PC_PA","A","2020",-0.5238333,
"CHE","LTINT","TOT","PC_PA","A","2021",-0.23225,
"JPN","LTINT","TOT","PC_PA","A","1989",5.12725,
"JPN","LTINT","TOT","PC_PA","A","1990",6.959917,
"JPN","LTINT","TOT","PC_PA","A","1991",6.336667,
"JPN","LTINT","TOT","PC_PA","A","1992",5.326583,
"JPN","LTINT","TOT","PC_PA","A","1993",4.320917,
"JPN","LTINT","TOT","PC_PA","A","1994",4.363333,
"JPN","LTINT","TOT","PC_PA","A","1995",3.4435,
"JPN","LTINT","TOT","PC_PA","A","1996",3.1015,
"JPN","LTINT","TOT","PC_PA","A","1997",2.373667,
"JPN","LTINT","TOT","PC_PA","A","1998",1.541417,
"JPN","LTINT","TOT","PC_PA","A","1999",1.749,
"JPN","LTINT","TOT","PC_PA","A","2000",1.744417,
"JPN","LTINT","TOT","PC_PA","A","2001",1.319,
"JPN","LTINT","TOT","PC_PA","A","2002",1.263167,
"JPN","LTINT","TOT","PC_PA","A","2003",1.00325,
"JPN","LTINT","TOT","PC_PA","A","2004",1.492667,
"JPN","LTINT","TOT","PC_PA","A","2005",1.35475,
"JPN","LTINT","TOT","PC_PA","A","2006",1.7405,
"JPN","LTINT","TOT","PC_PA","A","2007",1.6655,
"JPN","LTINT","TOT","PC_PA","A","2008",1.467333,
"JPN","LTINT","TOT","PC_PA","A","2009",1.33375,
"JPN","LTINT","TOT","PC_PA","A","2010",1.148333,
"JPN","LTINT","TOT","PC_PA","A","2011",1.102417,
"JPN","LTINT","TOT","PC_PA","A","2012",0.8355833,
"JPN","LTINT","TOT","PC_PA","A","2013",0.6896667,
"JPN","LTINT","TOT","PC_PA","A","2014",0.5203333,
"JPN","LTINT","TOT","PC_PA","A","2015",0.35,
"JPN","LTINT","TOT","PC_PA","A","2016",-0.06625,
"JPN","LTINT","TOT","PC_PA","A","2017",0.05166667,
"JPN","LTINT","TOT","PC_PA","A","2018",0.065,
"JPN","LTINT","TOT","PC_PA","A","2019",-0.1104167,
"JPN","LTINT","TOT","PC_PA","A","2020",-0.005416667,
"JPN","LTINT","TOT","PC_PA","A","2021",0.07166667,
"ZAF","LTINT","TOT","PC_PA","A","1957",4.75,
"ZAF","LTINT","TOT","PC_PA","A","1958",5.145833,
"ZAF","LTINT","TOT","PC_PA","A","1959",5.25,
"ZAF","LTINT","TOT","PC_PA","A","1960",5.293334,
"ZAF","LTINT","TOT","PC_PA","A","1961",5.773334,
"ZAF","LTINT","TOT","PC_PA","A","1962",5.386667,
"ZAF","LTINT","TOT","PC_PA","A","1963",4.75,
"ZAF","LTINT","TOT","PC_PA","A","1964",4.770833,
"ZAF","LTINT","TOT","PC_PA","A","1965",5.604167,
"ZAF","LTINT","TOT","PC_PA","A","1966",6.25,
"ZAF","LTINT","TOT","PC_PA","A","1967",6.5,
"ZAF","LTINT","TOT","PC_PA","A","1968",6.5,
"ZAF","LTINT","TOT","PC_PA","A","1969",6.5,
"ZAF","LTINT","TOT","PC_PA","A","1970",7.145833,
"ZAF","LTINT","TOT","PC_PA","A","1971",8.375,
"ZAF","LTINT","TOT","PC_PA","A","1972",8.353333,
"ZAF","LTINT","TOT","PC_PA","A","1973",7.8325,
"ZAF","LTINT","TOT","PC_PA","A","1974",8.958333,
"ZAF","LTINT","TOT","PC_PA","A","1975",9.708333,
"ZAF","LTINT","TOT","PC_PA","A","1976",10.43667,
"ZAF","LTINT","TOT","PC_PA","A","1977",11.00833,
"ZAF","LTINT","TOT","PC_PA","A","1978",10.39583,
"ZAF","LTINT","TOT","PC_PA","A","1979",9.26,
"ZAF","LTINT","TOT","PC_PA","A","1980",10.08583,
"ZAF","LTINT","TOT","PC_PA","A","1981",12.9875,
"ZAF","LTINT","TOT","PC_PA","A","1982",13.50833,
"ZAF","LTINT","TOT","PC_PA","A","1983",12.665,
"ZAF","LTINT","TOT","PC_PA","A","1984",15.22667,
"ZAF","LTINT","TOT","PC_PA","A","1985",16.79167,
"ZAF","LTINT","TOT","PC_PA","A","1986",16.36583,
"ZAF","LTINT","TOT","PC_PA","A","1987",15.29667,
"ZAF","LTINT","TOT","PC_PA","A","1988",16.37167,
"ZAF","LTINT","TOT","PC_PA","A","1989",16.90083,
"ZAF","LTINT","TOT","PC_PA","A","1990",16.15083,
"ZAF","LTINT","TOT","PC_PA","A","1991",16.34417,
"ZAF","LTINT","TOT","PC_PA","A","1992",15.44,
"ZAF","LTINT","TOT","PC_PA","A","1993",13.9675,
"ZAF","LTINT","TOT","PC_PA","A","1994",14.83167,
"ZAF","LTINT","TOT","PC_PA","A","1995",16.10667,
"ZAF","LTINT","TOT","PC_PA","A","1996",15.48333,
"ZAF","LTINT","TOT","PC_PA","A","1997",14.6975,
"ZAF","LTINT","TOT","PC_PA","A","1998",15.1225,
"ZAF","LTINT","TOT","PC_PA","A","1999",14.90167,
"ZAF","LTINT","TOT","PC_PA","A","2000",13.78667,
"ZAF","LTINT","TOT","PC_PA","A","2001",11.40667,
"ZAF","LTINT","TOT","PC_PA","A","2002",11.50888,
"ZAF","LTINT","TOT","PC_PA","A","2003",9.617318,
"ZAF","LTINT","TOT","PC_PA","A","2004",9.515293,
"ZAF","LTINT","TOT","PC_PA","A","2005",8.067034,
"ZAF","LTINT","TOT","PC_PA","A","2006",7.934869,
"ZAF","LTINT","TOT","PC_PA","A","2007",7.98763,
"ZAF","LTINT","TOT","PC_PA","A","2008",9.091066,
"ZAF","LTINT","TOT","PC_PA","A","2009",8.691194,
"ZAF","LTINT","TOT","PC_PA","A","2010",8.615417,
"ZAF","LTINT","TOT","PC_PA","A","2011",8.514085,
"ZAF","LTINT","TOT","PC_PA","A","2012",7.902799,
"ZAF","LTINT","TOT","PC_PA","A","2013",7.719594,
"ZAF","LTINT","TOT","PC_PA","A","2014",8.243854,
"ZAF","LTINT","TOT","PC_PA","A","2015",8.159151,
"ZAF","LTINT","TOT","PC_PA","A","2016",9.016841,
"ZAF","LTINT","TOT","PC_PA","A","2017",9.054002,
"ZAF","LTINT","TOT","PC_PA","A","2018",9.127577,
"ZAF","LTINT","TOT","PC_PA","A","2019",9.072575,
"ZAF","LTINT","TOT","PC_PA","A","2020",10.07324,
"ZAF","LTINT","TOT","PC_PA","A","2021",9.789732,
"DEU","LTINT","TOT","PC_PA","A","1957",7.516667,
"DEU","LTINT","TOT","PC_PA","A","1958",6.783333,
"DEU","LTINT","TOT","PC_PA","A","1959",5.766667,
"DEU","LTINT","TOT","PC_PA","A","1960",6.425,
"DEU","LTINT","TOT","PC_PA","A","1961",5.875,
"DEU","LTINT","TOT","PC_PA","A","1962",5.908333,
"DEU","LTINT","TOT","PC_PA","A","1963",6.05,
"DEU","LTINT","TOT","PC_PA","A","1964",6.233333,
"DEU","LTINT","TOT","PC_PA","A","1965",7.05,
"DEU","LTINT","TOT","PC_PA","A","1966",8.125,
"DEU","LTINT","TOT","PC_PA","A","1967",6.958333,
"DEU","LTINT","TOT","PC_PA","A","1968",6.45,
"DEU","LTINT","TOT","PC_PA","A","1969",6.841667,
"DEU","LTINT","TOT","PC_PA","A","1970",8.316667,
"DEU","LTINT","TOT","PC_PA","A","1971",7.991667,
"DEU","LTINT","TOT","PC_PA","A","1972",7.875,
"DEU","LTINT","TOT","PC_PA","A","1973",9.308333,
"DEU","LTINT","TOT","PC_PA","A","1974",10.44167,
"DEU","LTINT","TOT","PC_PA","A","1975",8.675,
"DEU","LTINT","TOT","PC_PA","A","1976",8.033334,
"DEU","LTINT","TOT","PC_PA","A","1977",6.533333,
"DEU","LTINT","TOT","PC_PA","A","1978",6.133333,
"DEU","LTINT","TOT","PC_PA","A","1979",7.566667,
"DEU","LTINT","TOT","PC_PA","A","1980",8.425,
"DEU","LTINT","TOT","PC_PA","A","1981",10.13333,
"DEU","LTINT","TOT","PC_PA","A","1982",8.908334,
"DEU","LTINT","TOT","PC_PA","A","1983",8.083333,
"DEU","LTINT","TOT","PC_PA","A","1984",7.958333,
"DEU","LTINT","TOT","PC_PA","A","1985",7.041667,
"DEU","LTINT","TOT","PC_PA","A","1986",6.158333,
"DEU","LTINT","TOT","PC_PA","A","1987",6.25,
"DEU","LTINT","TOT","PC_PA","A","1988",6.491667,
"DEU","LTINT","TOT","PC_PA","A","1989",7.025,
"DEU","LTINT","TOT","PC_PA","A","1990",8.726459,
"DEU","LTINT","TOT","PC_PA","A","1991",8.445625,
"DEU","LTINT","TOT","PC_PA","A","1992",7.835208,
"DEU","LTINT","TOT","PC_PA","A","1993",6.496459,
"DEU","LTINT","TOT","PC_PA","A","1994",6.884414,
"DEU","LTINT","TOT","PC_PA","A","1995",6.850543,
"DEU","LTINT","TOT","PC_PA","A","1996",6.215378,
"DEU","LTINT","TOT","PC_PA","A","1997",5.640138,
"DEU","LTINT","TOT","PC_PA","A","1998",4.573801,
"DEU","LTINT","TOT","PC_PA","A","1999",4.49061,
"DEU","LTINT","TOT","PC_PA","A","2000",5.263958,
"DEU","LTINT","TOT","PC_PA","A","2001",4.796593,
"DEU","LTINT","TOT","PC_PA","A","2002",4.78358,
"DEU","LTINT","TOT","PC_PA","A","2003",4.071143,
"DEU","LTINT","TOT","PC_PA","A","2004",4.037156,
"DEU","LTINT","TOT","PC_PA","A","2005",3.354017,
"DEU","LTINT","TOT","PC_PA","A","2006",3.764125,
"DEU","LTINT","TOT","PC_PA","A","2007",4.216955,
"DEU","LTINT","TOT","PC_PA","A","2008",3.984768,
"DEU","LTINT","TOT","PC_PA","A","2009",3.222218,
"DEU","LTINT","TOT","PC_PA","A","2010",2.744267,
"DEU","LTINT","TOT","PC_PA","A","2011",2.609185,
"DEU","LTINT","TOT","PC_PA","A","2012",1.49513,
"DEU","LTINT","TOT","PC_PA","A","2013",1.571408,
"DEU","LTINT","TOT","PC_PA","A","2014",1.163472,
"DEU","LTINT","TOT","PC_PA","A","2015",0.4951937,
"DEU","LTINT","TOT","PC_PA","A","2016",0.09149919,
"DEU","LTINT","TOT","PC_PA","A","2017",0.3163361,
"DEU","LTINT","TOT","PC_PA","A","2018",0.396364,
"DEU","LTINT","TOT","PC_PA","A","2019",-0.2536345,
"DEU","LTINT","TOT","PC_PA","A","2020",-0.511024,
"DEU","LTINT","TOT","PC_PA","A","2021",-0.3738212,
"USA","LTINT","TOT","PC_PA","A","1954",2.401667,
"USA","LTINT","TOT","PC_PA","A","1955",2.816667,
"USA","LTINT","TOT","PC_PA","A","1956",3.1825,
"USA","LTINT","TOT","PC_PA","A","1957",3.6475,
"USA","LTINT","TOT","PC_PA","A","1958",3.315833,
"USA","LTINT","TOT","PC_PA","A","1959",4.333333,
"USA","LTINT","TOT","PC_PA","A","1960",4.116667,
"USA","LTINT","TOT","PC_PA","A","1961",3.8825,
"USA","LTINT","TOT","PC_PA","A","1962",3.945833,
"USA","LTINT","TOT","PC_PA","A","1963",4.0025,
"USA","LTINT","TOT","PC_PA","A","1964",4.186666,
"USA","LTINT","TOT","PC_PA","A","1965",4.2825,
"USA","LTINT","TOT","PC_PA","A","1966",4.923333,
"USA","LTINT","TOT","PC_PA","A","1967",5.073333,
"USA","LTINT","TOT","PC_PA","A","1968",5.645833,
"USA","LTINT","TOT","PC_PA","A","1969",6.670833,
"USA","LTINT","TOT","PC_PA","A","1970",7.348333,
"USA","LTINT","TOT","PC_PA","A","1971",6.159167,
"USA","LTINT","TOT","PC_PA","A","1972",6.21,
"USA","LTINT","TOT","PC_PA","A","1973",6.8425,
"USA","LTINT","TOT","PC_PA","A","1974",7.5575,
"USA","LTINT","TOT","PC_PA","A","1975",7.9875,
"USA","LTINT","TOT","PC_PA","A","1976",7.611667,
"USA","LTINT","TOT","PC_PA","A","1977",7.419167,
"USA","LTINT","TOT","PC_PA","A","1978",8.41,
"USA","LTINT","TOT","PC_PA","A","1979",9.4425,
"USA","LTINT","TOT","PC_PA","A","1980",11.46,
"USA","LTINT","TOT","PC_PA","A","1981",13.91083,
"USA","LTINT","TOT","PC_PA","A","1982",13.00167,
"USA","LTINT","TOT","PC_PA","A","1983",11.105,
"USA","LTINT","TOT","PC_PA","A","1984",12.43833,
"USA","LTINT","TOT","PC_PA","A","1985",10.62333,
"USA","LTINT","TOT","PC_PA","A","1986",7.6825,
"USA","LTINT","TOT","PC_PA","A","1987",8.384167,
"USA","LTINT","TOT","PC_PA","A","1988",8.845834,
"USA","LTINT","TOT","PC_PA","A","1989",8.498333,
"USA","LTINT","TOT","PC_PA","A","1990",8.55,
"USA","LTINT","TOT","PC_PA","A","1991",7.858333,
"USA","LTINT","TOT","PC_PA","A","1992",7.01,
"USA","LTINT","TOT","PC_PA","A","1993",5.873333,
"USA","LTINT","TOT","PC_PA","A","1994",7.08,
"USA","LTINT","TOT","PC_PA","A","1995",6.58,
"USA","LTINT","TOT","PC_PA","A","1996",6.438334,
"USA","LTINT","TOT","PC_PA","A","1997",6.3525,
"USA","LTINT","TOT","PC_PA","A","1998",5.264167,
"USA","LTINT","TOT","PC_PA","A","1999",5.636667,
"USA","LTINT","TOT","PC_PA","A","2000",6.029167,
"USA","LTINT","TOT","PC_PA","A","2001",5.0175,
"USA","LTINT","TOT","PC_PA","A","2002",4.610833,
"USA","LTINT","TOT","PC_PA","A","2003",4.015,
"USA","LTINT","TOT","PC_PA","A","2004",4.274167,
"USA","LTINT","TOT","PC_PA","A","2005",4.29,
"USA","LTINT","TOT","PC_PA","A","2006",4.791667,
"USA","LTINT","TOT","PC_PA","A","2007",4.629167,
"USA","LTINT","TOT","PC_PA","A","2008",3.666667,
"USA","LTINT","TOT","PC_PA","A","2009",3.256667,
"USA","LTINT","TOT","PC_PA","A","2010",3.214167,
"USA","LTINT","TOT","PC_PA","A","2011",2.785833,
"USA","LTINT","TOT","PC_PA","A","2012",1.8025,
"USA","LTINT","TOT","PC_PA","A","2013",2.350833,
"USA","LTINT","TOT","PC_PA","A","2014",2.540833,
"USA","LTINT","TOT","PC_PA","A","2015",2.135833,
"USA","LTINT","TOT","PC_PA","A","2016",1.841667,
"USA","LTINT","TOT","PC_PA","A","2017",2.33,
"USA","LTINT","TOT","PC_PA","A","2018",2.91,
"USA","LTINT","TOT","PC_PA","A","2019",2.144167,
"USA","LTINT","TOT","PC_PA","A","2020",0.8941666,
"USA","LTINT","TOT","PC_PA","A","2021",1.4425,
"NZL","LTINT","TOT","PC_PA","A","1970",5.5075,
"NZL","LTINT","TOT","PC_PA","A","1971",5.516667,
"NZL","LTINT","TOT","PC_PA","A","1972",5.523334,
"NZL","LTINT","TOT","PC_PA","A","1973",5.796667,
"NZL","LTINT","TOT","PC_PA","A","1974",6.0825,
"NZL","LTINT","TOT","PC_PA","A","1975",6.326667,
"NZL","LTINT","TOT","PC_PA","A","1976",8.341666,
"NZL","LTINT","TOT","PC_PA","A","1977",9.239166,
"NZL","LTINT","TOT","PC_PA","A","1978",9.979167,
"NZL","LTINT","TOT","PC_PA","A","1979",11.97909,
"NZL","LTINT","TOT","PC_PA","A","1980",13.28333,
"NZL","LTINT","TOT","PC_PA","A","1981",12.8325,
"NZL","LTINT","TOT","PC_PA","A","1982",12.89333,
"NZL","LTINT","TOT","PC_PA","A","1983",12.1825,
"NZL","LTINT","TOT","PC_PA","A","1984",12.61,
"NZL","LTINT","TOT","PC_PA","A","1985",17.6575,
"NZL","LTINT","TOT","PC_PA","A","1986",16.4475,
"NZL","LTINT","TOT","PC_PA","A","1987",15.71,
"NZL","LTINT","TOT","PC_PA","A","1988",13.11583,
"NZL","LTINT","TOT","PC_PA","A","1989",12.82917,
"NZL","LTINT","TOT","PC_PA","A","1990",12.445,
"NZL","LTINT","TOT","PC_PA","A","1991",10.11,
"NZL","LTINT","TOT","PC_PA","A","1992",8.401667,
"NZL","LTINT","TOT","PC_PA","A","1993",6.934166,
"NZL","LTINT","TOT","PC_PA","A","1994",7.630833,
"NZL","LTINT","TOT","PC_PA","A","1995",7.779167,
"NZL","LTINT","TOT","PC_PA","A","1996",7.894166,
"NZL","LTINT","TOT","PC_PA","A","1997",7.191667,
"NZL","LTINT","TOT","PC_PA","A","1998",6.2875,
"NZL","LTINT","TOT","PC_PA","A","1999",6.4125,
"NZL","LTINT","TOT","PC_PA","A","2000",6.8525,
"NZL","LTINT","TOT","PC_PA","A","2001",6.393333,
"NZL","LTINT","TOT","PC_PA","A","2002",6.5275,
"NZL","LTINT","TOT","PC_PA","A","2003",5.866667,
"NZL","LTINT","TOT","PC_PA","A","2004",6.065834,
"NZL","LTINT","TOT","PC_PA","A","2005",5.875,
"NZL","LTINT","TOT","PC_PA","A","2006",5.780833,
"NZL","LTINT","TOT","PC_PA","A","2007",6.265,
"NZL","LTINT","TOT","PC_PA","A","2008",6.080833,
"NZL","LTINT","TOT","PC_PA","A","2009",5.456666,
"NZL","LTINT","TOT","PC_PA","A","2010",5.603333,
"NZL","LTINT","TOT","PC_PA","A","2011",4.945,
"NZL","LTINT","TOT","PC_PA","A","2012",3.685,
"NZL","LTINT","TOT","PC_PA","A","2013",4.093333,
"NZL","LTINT","TOT","PC_PA","A","2014",4.304167,
"NZL","LTINT","TOT","PC_PA","A","2015",3.423333,
"NZL","LTINT","TOT","PC_PA","A","2016",2.761667,
"NZL","LTINT","TOT","PC_PA","A","2017",2.990833,
"NZL","LTINT","TOT","PC_PA","A","2018",2.754167,
"NZL","LTINT","TOT","PC_PA","A","2019",1.649167,
"NZL","LTINT","TOT","PC_PA","A","2020",0.8908333,
"NZL","LTINT","TOT","PC_PA","A","2021",1.815,
"IRL","LTINT","TOT","PC_PA","A","1971",9.386634,
"IRL","LTINT","TOT","PC_PA","A","1972",9.217292,
"IRL","LTINT","TOT","PC_PA","A","1973",10.88955,
"IRL","LTINT","TOT","PC_PA","A","1974",14.85469,
"IRL","LTINT","TOT","PC_PA","A","1975",14.19172,
"IRL","LTINT","TOT","PC_PA","A","1976",14.84792,
"IRL","LTINT","TOT","PC_PA","A","1977",13.09353,
"IRL","LTINT","TOT","PC_PA","A","1978",13.04019,
"IRL","LTINT","TOT","PC_PA","A","1979",15.30684,
"IRL","LTINT","TOT","PC_PA","A","1980",15.59895,
"IRL","LTINT","TOT","PC_PA","A","1981",17.54469,
"IRL","LTINT","TOT","PC_PA","A","1982",17.33132,
"IRL","LTINT","TOT","PC_PA","A","1983",14.12737,
"IRL","LTINT","TOT","PC_PA","A","1984",14.84707,
"IRL","LTINT","TOT","PC_PA","A","1985",12.98515,
"IRL","LTINT","TOT","PC_PA","A","1986",11.40265,
"IRL","LTINT","TOT","PC_PA","A","1987",11.43991,
"IRL","LTINT","TOT","PC_PA","A","1988",9.511101,
"IRL","LTINT","TOT","PC_PA","A","1989",9.317204,
"IRL","LTINT","TOT","PC_PA","A","1990",10.4391,
"IRL","LTINT","TOT","PC_PA","A","1991",9.524648,
"IRL","LTINT","TOT","PC_PA","A","1992",9.466225,
"IRL","LTINT","TOT","PC_PA","A","1993",7.700833,
"IRL","LTINT","TOT","PC_PA","A","1994",7.920833,
"IRL","LTINT","TOT","PC_PA","A","1995",8.255,
"IRL","LTINT","TOT","PC_PA","A","1996",7.289166,
"IRL","LTINT","TOT","PC_PA","A","1997",6.293334,
"IRL","LTINT","TOT","PC_PA","A","1998",4.796667,
"IRL","LTINT","TOT","PC_PA","A","1999",4.710834,
"IRL","LTINT","TOT","PC_PA","A","2000",5.5125,
"IRL","LTINT","TOT","PC_PA","A","2001",5.011667,
"IRL","LTINT","TOT","PC_PA","A","2002",5.01,
"IRL","LTINT","TOT","PC_PA","A","2003",4.1325,
"IRL","LTINT","TOT","PC_PA","A","2004",4.076667,
"IRL","LTINT","TOT","PC_PA","A","2005",3.329167,
"IRL","LTINT","TOT","PC_PA","A","2006",3.765,
"IRL","LTINT","TOT","PC_PA","A","2007",4.305833,
"IRL","LTINT","TOT","PC_PA","A","2008",4.525833,
"IRL","LTINT","TOT","PC_PA","A","2009",5.225,
"IRL","LTINT","TOT","PC_PA","A","2010",5.739167,
"IRL","LTINT","TOT","PC_PA","A","2011",9.601666,
"IRL","LTINT","TOT","PC_PA","A","2012",6.171667,
"IRL","LTINT","TOT","PC_PA","A","2013",3.79,
"IRL","LTINT","TOT","PC_PA","A","2014",2.3675,
"IRL","LTINT","TOT","PC_PA","A","2015",1.1825,
"IRL","LTINT","TOT","PC_PA","A","2016",0.7358333,
"IRL","LTINT","TOT","PC_PA","A","2017",0.8016667,
"IRL","LTINT","TOT","PC_PA","A","2018",0.9513333,
"IRL","LTINT","TOT","PC_PA","A","2019",0.3322,
"IRL","LTINT","TOT","PC_PA","A","2020",-0.06046667,
"IRL","LTINT","TOT","PC_PA","A","2021",0.06315833,
"DNK","LTINT","TOT","PC_PA","A","1987",11.28435,
"DNK","LTINT","TOT","PC_PA","A","1988",9.883703,
"DNK","LTINT","TOT","PC_PA","A","1989",9.706354,
"DNK","LTINT","TOT","PC_PA","A","1990",10.62874,
"DNK","LTINT","TOT","PC_PA","A","1991",9.262481,
"DNK","LTINT","TOT","PC_PA","A","1992",8.987465,
"DNK","LTINT","TOT","PC_PA","A","1993",7.30375,
"DNK","LTINT","TOT","PC_PA","A","1994",7.825333,
"DNK","LTINT","TOT","PC_PA","A","1995",8.268583,
"DNK","LTINT","TOT","PC_PA","A","1996",7.193083,
"DNK","LTINT","TOT","PC_PA","A","1997",6.252584,
"DNK","LTINT","TOT","PC_PA","A","1998",4.937583,
"DNK","LTINT","TOT","PC_PA","A","1999",4.909,
"DNK","LTINT","TOT","PC_PA","A","2000",5.641833,
"DNK","LTINT","TOT","PC_PA","A","2001",5.079167,
"DNK","LTINT","TOT","PC_PA","A","2002",5.055917,
"DNK","LTINT","TOT","PC_PA","A","2003",4.30775,
"DNK","LTINT","TOT","PC_PA","A","2004",4.304584,
"DNK","LTINT","TOT","PC_PA","A","2005",3.40375,
"DNK","LTINT","TOT","PC_PA","A","2006",3.812,
"DNK","LTINT","TOT","PC_PA","A","2007",4.286417,
"DNK","LTINT","TOT","PC_PA","A","2008",4.284333,
"DNK","LTINT","TOT","PC_PA","A","2009",3.586333,
"DNK","LTINT","TOT","PC_PA","A","2010",2.926083,
"DNK","LTINT","TOT","PC_PA","A","2011",2.72925,
"DNK","LTINT","TOT","PC_PA","A","2012",1.403417,
"DNK","LTINT","TOT","PC_PA","A","2013",1.745,
"DNK","LTINT","TOT","PC_PA","A","2014",1.324833,
"DNK","LTINT","TOT","PC_PA","A","2015",0.6905,
"DNK","LTINT","TOT","PC_PA","A","2016",0.3203333,
"DNK","LTINT","TOT","PC_PA","A","2017",0.4764167,
"DNK","LTINT","TOT","PC_PA","A","2018",0.4548333,
"DNK","LTINT","TOT","PC_PA","A","2019",-0.1834167,
"DNK","LTINT","TOT","PC_PA","A","2020",-0.35925,
"DNK","LTINT","TOT","PC_PA","A","2021",-0.06083333,
"CZE","LTINT","TOT","PC_PA","A","2001",6.314167,
"CZE","LTINT","TOT","PC_PA","A","2002",4.876667,
"CZE","LTINT","TOT","PC_PA","A","2003",4.115833,
"CZE","LTINT","TOT","PC_PA","A","2004",4.820833,
"CZE","LTINT","TOT","PC_PA","A","2005",3.5425,
"CZE","LTINT","TOT","PC_PA","A","2006",3.8,
"CZE","LTINT","TOT","PC_PA","A","2007",4.3025,
"CZE","LTINT","TOT","PC_PA","A","2008",4.633333,
"CZE","LTINT","TOT","PC_PA","A","2009",4.8375,
"CZE","LTINT","TOT","PC_PA","A","2010",3.884167,
"CZE","LTINT","TOT","PC_PA","A","2011",3.7075,
"CZE","LTINT","TOT","PC_PA","A","2012",2.781667,
"CZE","LTINT","TOT","PC_PA","A","2013",2.111667,
"CZE","LTINT","TOT","PC_PA","A","2014",1.575833,
"CZE","LTINT","TOT","PC_PA","A","2015",0.575,
"CZE","LTINT","TOT","PC_PA","A","2016",0.4275,
"CZE","LTINT","TOT","PC_PA","A","2017",0.9808334,
"CZE","LTINT","TOT","PC_PA","A","2018",1.981667,
"CZE","LTINT","TOT","PC_PA","A","2019",1.548333,
"CZE","LTINT","TOT","PC_PA","A","2020",1.128333,
"CZE","LTINT","TOT","PC_PA","A","2021",1.904167,
"LUX","LTINT","TOT","PC_PA","A","1994",7.150583,
"LUX","LTINT","TOT","PC_PA","A","1995",7.230333,
"LUX","LTINT","TOT","PC_PA","A","1996",6.32075,
"LUX","LTINT","TOT","PC_PA","A","1997",5.597917,
"LUX","LTINT","TOT","PC_PA","A","1998",4.727667,
"LUX","LTINT","TOT","PC_PA","A","1999",4.66375,
"LUX","LTINT","TOT","PC_PA","A","2000",5.518167,
"LUX","LTINT","TOT","PC_PA","A","2001",4.859,
"LUX","LTINT","TOT","PC_PA","A","2002",4.703166,
"LUX","LTINT","TOT","PC_PA","A","2003",3.316,
"LUX","LTINT","TOT","PC_PA","A","2004",2.843417,
"LUX","LTINT","TOT","PC_PA","A","2005",2.412667,
"LUX","LTINT","TOT","PC_PA","A","2006",3.303667,
"LUX","LTINT","TOT","PC_PA","A","2007",4.461083,
"LUX","LTINT","TOT","PC_PA","A","2008",4.608167,
"LUX","LTINT","TOT","PC_PA","A","2009",4.22875,
"LUX","LTINT","TOT","PC_PA","A","2010",3.169167,
"LUX","LTINT","TOT","PC_PA","A","2011",2.923333,
"LUX","LTINT","TOT","PC_PA","A","2012",1.821,
"LUX","LTINT","TOT","PC_PA","A","2013",1.850917,
"LUX","LTINT","TOT","PC_PA","A","2014",1.336833,
"LUX","LTINT","TOT","PC_PA","A","2015",0.36875,
"LUX","LTINT","TOT","PC_PA","A","2016",0.25425,
"LUX","LTINT","TOT","PC_PA","A","2017",0.5448334,
"LUX","LTINT","TOT","PC_PA","A","2018",0.5646667,
"LUX","LTINT","TOT","PC_PA","A","2019",-0.1205833,
"LUX","LTINT","TOT","PC_PA","A","2020",-0.4135833,
"LUX","LTINT","TOT","PC_PA","A","2021",-0.3565833,
"RUS","LTINT","TOT","PC_PA","A","1999",87.37583,
"RUS","LTINT","TOT","PC_PA","A","2000",35.16333,
"RUS","LTINT","TOT","PC_PA","A","2001",19.38333,
"RUS","LTINT","TOT","PC_PA","A","2002",15.82417,
"RUS","LTINT","TOT","PC_PA","A","2003",9.115,
"RUS","LTINT","TOT","PC_PA","A","2004",8.289166,
"RUS","LTINT","TOT","PC_PA","A","2005",8.1075,
"RUS","LTINT","TOT","PC_PA","A","2006",6.976666,
"RUS","LTINT","TOT","PC_PA","A","2007",6.7175,
"RUS","LTINT","TOT","PC_PA","A","2008",7.523334,
"RUS","LTINT","TOT","PC_PA","A","2009",9.874166,
"RUS","LTINT","TOT","PC_PA","A","2010",7.831666,
"RUS","LTINT","TOT","PC_PA","A","2011",8.060833,
"RUS","LTINT","TOT","PC_PA","A","2012",8.154166,
"RUS","LTINT","TOT","PC_PA","A","2013",7.330833,
"RUS","LTINT","TOT","PC_PA","A","2014",8.464167,
"RUS","LTINT","TOT","PC_PA","A","2015",10.88667,
"RUS","LTINT","TOT","PC_PA","A","2016",10.43833,
"RUS","LTINT","TOT","PC_PA","A","2017",8.9925,
"SWE","LTINT","TOT","PC_PA","A","1987",11.68,
"SWE","LTINT","TOT","PC_PA","A","1988",11.35167,
"SWE","LTINT","TOT","PC_PA","A","1989",11.18,
"SWE","LTINT","TOT","PC_PA","A","1990",13.15917,
"SWE","LTINT","TOT","PC_PA","A","1991",10.69083,
"SWE","LTINT","TOT","PC_PA","A","1992",10.01667,
"SWE","LTINT","TOT","PC_PA","A","1993",8.539166,"B"
"SWE","LTINT","TOT","PC_PA","A","1994",9.495,"B"
"SWE","LTINT","TOT","PC_PA","A","1995",10.24417,
"SWE","LTINT","TOT","PC_PA","A","1996",8.026667,
"SWE","LTINT","TOT","PC_PA","A","1997",6.614167,
"SWE","LTINT","TOT","PC_PA","A","1998",4.989167,
"SWE","LTINT","TOT","PC_PA","A","1999",4.98,
"SWE","LTINT","TOT","PC_PA","A","2000",5.3675,
"SWE","LTINT","TOT","PC_PA","A","2001",5.1075,
"SWE","LTINT","TOT","PC_PA","A","2002",5.303333,
"SWE","LTINT","TOT","PC_PA","A","2003",4.638333,
"SWE","LTINT","TOT","PC_PA","A","2004",4.425,
"SWE","LTINT","TOT","PC_PA","A","2005",3.3825,
"SWE","LTINT","TOT","PC_PA","A","2006",3.704167,
"SWE","LTINT","TOT","PC_PA","A","2007",4.1675,
"SWE","LTINT","TOT","PC_PA","A","2008",3.8875,
"SWE","LTINT","TOT","PC_PA","A","2009",3.25,
"SWE","LTINT","TOT","PC_PA","A","2010",2.893333,
"SWE","LTINT","TOT","PC_PA","A","2011",2.605,
"SWE","LTINT","TOT","PC_PA","A","2012",1.5925,
"SWE","LTINT","TOT","PC_PA","A","2013",2.120833,
"SWE","LTINT","TOT","PC_PA","A","2014",1.72,
"SWE","LTINT","TOT","PC_PA","A","2015",0.7191667,
"SWE","LTINT","TOT","PC_PA","A","2016",0.5191666,
"SWE","LTINT","TOT","PC_PA","A","2017",0.655,
"SWE","LTINT","TOT","PC_PA","A","2018",0.6516666,
"SWE","LTINT","TOT","PC_PA","A","2019",0.09375833,
"SWE","LTINT","TOT","PC_PA","A","2020",-0.03801667,
"SWE","LTINT","TOT","PC_PA","A","2021",0.2678833,
"FRA","LTINT","TOT","PC_PA","A","1960",5.663333,
"FRA","LTINT","TOT","PC_PA","A","1961",5.519166,
"FRA","LTINT","TOT","PC_PA","A","1962",5.434166,
"FRA","LTINT","TOT","PC_PA","A","1963",5.338333,
"FRA","LTINT","TOT","PC_PA","A","1964",5.449167,
"FRA","LTINT","TOT","PC_PA","A","1965",6.2025,
"FRA","LTINT","TOT","PC_PA","A","1966",6.579167,
"FRA","LTINT","TOT","PC_PA","A","1967",6.706666,
"FRA","LTINT","TOT","PC_PA","A","1968",6.950833,"B"
"FRA","LTINT","TOT","PC_PA","A","1969",8.1775,
"FRA","LTINT","TOT","PC_PA","A","1970",8.550834,
"FRA","LTINT","TOT","PC_PA","A","1971",8.421667,
"FRA","LTINT","TOT","PC_PA","A","1972",8.013333,
"FRA","LTINT","TOT","PC_PA","A","1973",8.998333,
"FRA","LTINT","TOT","PC_PA","A","1974",11.0025,
"FRA","LTINT","TOT","PC_PA","A","1975",10.31167,
"FRA","LTINT","TOT","PC_PA","A","1976",10.51,
"FRA","LTINT","TOT","PC_PA","A","1977",10.99167,
"FRA","LTINT","TOT","PC_PA","A","1978",10.61167,
"FRA","LTINT","TOT","PC_PA","A","1979",10.8475,
"FRA","LTINT","TOT","PC_PA","A","1980",13.78417,
"FRA","LTINT","TOT","PC_PA","A","1981",16.29167,
"FRA","LTINT","TOT","PC_PA","A","1982",15.9975,
"FRA","LTINT","TOT","PC_PA","A","1983",14.36833,
"FRA","LTINT","TOT","PC_PA","A","1984",13.40417,
"FRA","LTINT","TOT","PC_PA","A","1985",11.86667,
"FRA","LTINT","TOT","PC_PA","A","1986",9.119166,"B"
"FRA","LTINT","TOT","PC_PA","A","1987",9.478633,
"FRA","LTINT","TOT","PC_PA","A","1988",9.08405,
"FRA","LTINT","TOT","PC_PA","A","1989",8.796059,
"FRA","LTINT","TOT","PC_PA","A","1990",9.932117,
"FRA","LTINT","TOT","PC_PA","A","1991",9.038342,
"FRA","LTINT","TOT","PC_PA","A","1992",8.587875,
"FRA","LTINT","TOT","PC_PA","A","1993",6.775,
"FRA","LTINT","TOT","PC_PA","A","1994",7.213792,
"FRA","LTINT","TOT","PC_PA","A","1995",7.534975,
"FRA","LTINT","TOT","PC_PA","A","1996",6.312142,
"FRA","LTINT","TOT","PC_PA","A","1997",5.582509,
"FRA","LTINT","TOT","PC_PA","A","1998",4.640208,
"FRA","LTINT","TOT","PC_PA","A","1999",4.608783,
"FRA","LTINT","TOT","PC_PA","A","2000",5.394467,
"FRA","LTINT","TOT","PC_PA","A","2001",4.939458,
"FRA","LTINT","TOT","PC_PA","A","2002",4.861217,
"FRA","LTINT","TOT","PC_PA","A","2003",4.130892,
"FRA","LTINT","TOT","PC_PA","A","2004",4.099167,
"FRA","LTINT","TOT","PC_PA","A","2005",3.409442,
"FRA","LTINT","TOT","PC_PA","A","2006",3.795742,
"FRA","LTINT","TOT","PC_PA","A","2007",4.3032,
"FRA","LTINT","TOT","PC_PA","A","2008",4.234325,
"FRA","LTINT","TOT","PC_PA","A","2009",3.648817,
"FRA","LTINT","TOT","PC_PA","A","2010",3.117017,
"FRA","LTINT","TOT","PC_PA","A","2011",3.321058,
"FRA","LTINT","TOT","PC_PA","A","2012",2.535992,
"FRA","LTINT","TOT","PC_PA","A","2013",2.20435,
"FRA","LTINT","TOT","PC_PA","A","2014",1.666442,
"FRA","LTINT","TOT","PC_PA","A","2015",0.8418583,
"FRA","LTINT","TOT","PC_PA","A","2016",0.4678833,
"FRA","LTINT","TOT","PC_PA","A","2017",0.8098583,
"FRA","LTINT","TOT","PC_PA","A","2018",0.7841083,
"FRA","LTINT","TOT","PC_PA","A","2019",0.1302,
"FRA","LTINT","TOT","PC_PA","A","2020",-0.1452667,
"FRA","LTINT","TOT","PC_PA","A","2021",0.007366667,
"ISR","LTINT","TOT","PC_PA","A","1997",4.065,
"ISR","LTINT","TOT","PC_PA","A","1998",4.925,
"ISR","LTINT","TOT","PC_PA","A","1999",5.199167,
"ISR","LTINT","TOT","PC_PA","A","2000",5.475833,
"ISR","LTINT","TOT","PC_PA","A","2001",6.42648,
"ISR","LTINT","TOT","PC_PA","A","2002",9.233088,
"ISR","LTINT","TOT","PC_PA","A","2003",8.884284,
"ISR","LTINT","TOT","PC_PA","A","2004",7.561666,
"ISR","LTINT","TOT","PC_PA","A","2005",6.361667,
"ISR","LTINT","TOT","PC_PA","A","2006",6.314167,
"ISR","LTINT","TOT","PC_PA","A","2007",5.554167,
"ISR","LTINT","TOT","PC_PA","A","2008",5.923333,
"ISR","LTINT","TOT","PC_PA","A","2009",5.063334,
"ISR","LTINT","TOT","PC_PA","A","2010",4.684166,
"ISR","LTINT","TOT","PC_PA","A","2011",4.98,
"ISR","LTINT","TOT","PC_PA","A","2012",4.399167,
"ISR","LTINT","TOT","PC_PA","A","2013",3.795833,
"ISR","LTINT","TOT","PC_PA","A","2014",2.885833,
"ISR","LTINT","TOT","PC_PA","A","2015",2.07,
"ISR","LTINT","TOT","PC_PA","A","2016",1.879167,
"ISR","LTINT","TOT","PC_PA","A","2017",1.909167,
"ISR","LTINT","TOT","PC_PA","A","2018",1.994167,
"ISR","LTINT","TOT","PC_PA","A","2019",1.468333,
"ISR","LTINT","TOT","PC_PA","A","2020",0.7775,
"ISR","LTINT","TOT","PC_PA","A","2021",1.116667,
"CAN","LTINT","TOT","PC_PA","A","1955",3.189167,
"CAN","LTINT","TOT","PC_PA","A","1956",3.605833,
"CAN","LTINT","TOT","PC_PA","A","1957",4.125,
"CAN","LTINT","TOT","PC_PA","A","1958",4.115833,
"CAN","LTINT","TOT","PC_PA","A","1959",5.048333,
"CAN","LTINT","TOT","PC_PA","A","1960",5.188334,
"CAN","LTINT","TOT","PC_PA","A","1961",5.058333,
"CAN","LTINT","TOT","PC_PA","A","1962",5.099167,
"CAN","LTINT","TOT","PC_PA","A","1963",5.090833,
"CAN","LTINT","TOT","PC_PA","A","1964",5.184166,
"CAN","LTINT","TOT","PC_PA","A","1965",5.199167,
"CAN","LTINT","TOT","PC_PA","A","1966",5.685,
"CAN","LTINT","TOT","PC_PA","A","1967",5.898334,
"CAN","LTINT","TOT","PC_PA","A","1968",6.725,
"CAN","LTINT","TOT","PC_PA","A","1969",7.558333,
"CAN","LTINT","TOT","PC_PA","A","1970",7.965833,
"CAN","LTINT","TOT","PC_PA","A","1971",6.945,
"CAN","LTINT","TOT","PC_PA","A","1972",7.225,
"CAN","LTINT","TOT","PC_PA","A","1973",7.528333,
"CAN","LTINT","TOT","PC_PA","A","1974",8.87,
"CAN","LTINT","TOT","PC_PA","A","1975",8.993333,
"CAN","LTINT","TOT","PC_PA","A","1976",9.229167,
"CAN","LTINT","TOT","PC_PA","A","1977",8.693334,
"CAN","LTINT","TOT","PC_PA","A","1978",9.235833,
"CAN","LTINT","TOT","PC_PA","A","1979",10.17917,
"CAN","LTINT","TOT","PC_PA","A","1980",12.33833,
"CAN","LTINT","TOT","PC_PA","A","1981",14.98917,
"CAN","LTINT","TOT","PC_PA","A","1982",14.43533,"B"
"CAN","LTINT","TOT","PC_PA","A","1983",11.39858,
"CAN","LTINT","TOT","PC_PA","A","1984",12.71004,
"CAN","LTINT","TOT","PC_PA","A","1985",10.91183,
"CAN","LTINT","TOT","PC_PA","A","1986",9.145541,
"CAN","LTINT","TOT","PC_PA","A","1987",9.470708,
"CAN","LTINT","TOT","PC_PA","A","1988",9.830916,
"CAN","LTINT","TOT","PC_PA","A","1989",9.782253,
"CAN","LTINT","TOT","PC_PA","A","1990",10.72708,
"CAN","LTINT","TOT","PC_PA","A","1991",9.455926,
"CAN","LTINT","TOT","PC_PA","A","1992",8.061233,
"CAN","LTINT","TOT","PC_PA","A","1993",7.24507,
"CAN","LTINT","TOT","PC_PA","A","1994",8.364868,
"CAN","LTINT","TOT","PC_PA","A","1995",8.161792,
"CAN","LTINT","TOT","PC_PA","A","1996",7.229915,
"CAN","LTINT","TOT","PC_PA","A","1997",6.143073,
"CAN","LTINT","TOT","PC_PA","A","1998",5.279053,
"CAN","LTINT","TOT","PC_PA","A","1999",5.541102,
"CAN","LTINT","TOT","PC_PA","A","2000",5.925412,
"CAN","LTINT","TOT","PC_PA","A","2001",5.480272,
"CAN","LTINT","TOT","PC_PA","A","2002",5.290907,
"CAN","LTINT","TOT","PC_PA","A","2003",4.810544,
"CAN","LTINT","TOT","PC_PA","A","2004",4.579607,
"CAN","LTINT","TOT","PC_PA","A","2005",4.066929,
"CAN","LTINT","TOT","PC_PA","A","2006",4.20776,
"CAN","LTINT","TOT","PC_PA","A","2007",4.269767,
"CAN","LTINT","TOT","PC_PA","A","2008",3.605302,
"CAN","LTINT","TOT","PC_PA","A","2009",3.230619,
"CAN","LTINT","TOT","PC_PA","A","2010",3.23514,
"CAN","LTINT","TOT","PC_PA","A","2011",2.783036,
"CAN","LTINT","TOT","PC_PA","A","2012",1.87341,
"CAN","LTINT","TOT","PC_PA","A","2013",2.261959,
"CAN","LTINT","TOT","PC_PA","A","2014",2.23083,
"CAN","LTINT","TOT","PC_PA","A","2015",1.521695,
"CAN","LTINT","TOT","PC_PA","A","2016",1.251758,
"CAN","LTINT","TOT","PC_PA","A","2017",1.783652,
"CAN","LTINT","TOT","PC_PA","A","2018",2.277912,
"CAN","LTINT","TOT","PC_PA","A","2019",1.588742,
"CAN","LTINT","TOT","PC_PA","A","2020",0.7531087,
"CAN","LTINT","TOT","PC_PA","A","2021",1.358811,
"ISL","LTINT","TOT","PC_PA","A","1994",6.978333,
"ISL","LTINT","TOT","PC_PA","A","1995",9.651667,
"ISL","LTINT","TOT","PC_PA","A","1996",9.24,
"ISL","LTINT","TOT","PC_PA","A","1997",8.705833,
"ISL","LTINT","TOT","PC_PA","A","1998",7.664166,
"ISL","LTINT","TOT","PC_PA","A","1999",8.47,
"ISL","LTINT","TOT","PC_PA","A","2000",11.195,
"ISL","LTINT","TOT","PC_PA","A","2001",10.35917,
"ISL","LTINT","TOT","PC_PA","A","2002",7.959742,
"ISL","LTINT","TOT","PC_PA","A","2003",6.652117,
"ISL","LTINT","TOT","PC_PA","A","2004",7.491667,
"ISL","LTINT","TOT","PC_PA","A","2005",8.636942,
"ISL","LTINT","TOT","PC_PA","A","2006",8.830566,
"ISL","LTINT","TOT","PC_PA","A","2007",9.419559,
"ISL","LTINT","TOT","PC_PA","A","2008",11.06824,
"ISL","LTINT","TOT","PC_PA","A","2009",8.256277,
"ISL","LTINT","TOT","PC_PA","A","2010",6.085834,
"ISL","LTINT","TOT","PC_PA","A","2011",5.978333,
"ISL","LTINT","TOT","PC_PA","A","2012",6.194167,
"ISL","LTINT","TOT","PC_PA","A","2013",5.789166,
"ISL","LTINT","TOT","PC_PA","A","2014",6.373333,
"ISL","LTINT","TOT","PC_PA","A","2015",6.259167,
"ISL","LTINT","TOT","PC_PA","A","2016",5.603333,
"ISL","LTINT","TOT","PC_PA","A","2017",4.858333,
"ISL","LTINT","TOT","PC_PA","A","2018",5.330833,
"ISL","LTINT","TOT","PC_PA","A","2019",3.974167,
"ISL","LTINT","TOT","PC_PA","A","2020",2.466667,
"ISL","LTINT","TOT","PC_PA","A","2021",3.3875,
"NLD","LTINT","TOT","PC_PA","A","1959",4.398334,
"NLD","LTINT","TOT","PC_PA","A","1960",4.455,
"NLD","LTINT","TOT","PC_PA","A","1961",4.179167,
"NLD","LTINT","TOT","PC_PA","A","1962",4.235833,
"NLD","LTINT","TOT","PC_PA","A","1963",4.309166,
"NLD","LTINT","TOT","PC_PA","A","1964",5.089167,
"NLD","LTINT","TOT","PC_PA","A","1965",5.500834,
"NLD","LTINT","TOT","PC_PA","A","1966",6.583333,
"NLD","LTINT","TOT","PC_PA","A","1967",6.424167,
"NLD","LTINT","TOT","PC_PA","A","1968",6.519166,
"NLD","LTINT","TOT","PC_PA","A","1969",7.473333,
"NLD","LTINT","TOT","PC_PA","A","1970",8.010834,
"NLD","LTINT","TOT","PC_PA","A","1971",7.625834,
"NLD","LTINT","TOT","PC_PA","A","1972",7.354167,
"NLD","LTINT","TOT","PC_PA","A","1973",7.916667,
"NLD","LTINT","TOT","PC_PA","A","1974",9.824166,
"NLD","LTINT","TOT","PC_PA","A","1975",8.786667,
"NLD","LTINT","TOT","PC_PA","A","1976",8.9525,
"NLD","LTINT","TOT","PC_PA","A","1977",8.100833,
"NLD","LTINT","TOT","PC_PA","A","1978",7.735833,
"NLD","LTINT","TOT","PC_PA","A","1979",8.775,
"NLD","LTINT","TOT","PC_PA","A","1980",10.20833,
"NLD","LTINT","TOT","PC_PA","A","1981",11.5525,
"NLD","LTINT","TOT","PC_PA","A","1982",10.0975,
"NLD","LTINT","TOT","PC_PA","A","1983",8.610833,
"NLD","LTINT","TOT","PC_PA","A","1984",8.328333,
"NLD","LTINT","TOT","PC_PA","A","1985",7.3275,
"NLD","LTINT","TOT","PC_PA","A","1986",6.3175,
"NLD","LTINT","TOT","PC_PA","A","1987",6.4025,
"NLD","LTINT","TOT","PC_PA","A","1988",6.415833,
"NLD","LTINT","TOT","PC_PA","A","1989",7.218333,
"NLD","LTINT","TOT","PC_PA","A","1990",8.920834,
"NLD","LTINT","TOT","PC_PA","A","1991",8.739166,
"NLD","LTINT","TOT","PC_PA","A","1992",8.1025,
"NLD","LTINT","TOT","PC_PA","A","1993",6.359083,
"NLD","LTINT","TOT","PC_PA","A","1994",6.86325,
"NLD","LTINT","TOT","PC_PA","A","1995",6.899667,
"NLD","LTINT","TOT","PC_PA","A","1996",6.149917,
"NLD","LTINT","TOT","PC_PA","A","1997",5.577167,
"NLD","LTINT","TOT","PC_PA","A","1998",4.631667,
"NLD","LTINT","TOT","PC_PA","A","1999",4.6285,
"NLD","LTINT","TOT","PC_PA","A","2000",5.403333,
"NLD","LTINT","TOT","PC_PA","A","2001",4.957,
"NLD","LTINT","TOT","PC_PA","A","2002",4.89025,
"NLD","LTINT","TOT","PC_PA","A","2003",4.123167,
"NLD","LTINT","TOT","PC_PA","A","2004",4.095,
"NLD","LTINT","TOT","PC_PA","A","2005",3.373917,
"NLD","LTINT","TOT","PC_PA","A","2006",3.781667,
"NLD","LTINT","TOT","PC_PA","A","2007",4.28775,
"NLD","LTINT","TOT","PC_PA","A","2008",4.22775,
"NLD","LTINT","TOT","PC_PA","A","2009",3.686833,
"NLD","LTINT","TOT","PC_PA","A","2010",2.990083,
"NLD","LTINT","TOT","PC_PA","A","2011",2.988583,
"NLD","LTINT","TOT","PC_PA","A","2012",1.93225,
"NLD","LTINT","TOT","PC_PA","A","2013",1.960583,
"NLD","LTINT","TOT","PC_PA","A","2014",1.454667,
"NLD","LTINT","TOT","PC_PA","A","2015",0.6903333,
"NLD","LTINT","TOT","PC_PA","A","2016",0.2910833,
"NLD","LTINT","TOT","PC_PA","A","2017",0.5220833,
"NLD","LTINT","TOT","PC_PA","A","2018",0.5769167,
"NLD","LTINT","TOT","PC_PA","A","2019",-0.07016667,
"NLD","LTINT","TOT","PC_PA","A","2020",-0.3768333,
"NLD","LTINT","TOT","PC_PA","A","2021",-0.3280833,
"FIN","LTINT","TOT","PC_PA","A","1988",10.5575,
"FIN","LTINT","TOT","PC_PA","A","1989",12.08583,
"FIN","LTINT","TOT","PC_PA","A","1990",13.21,
"FIN","LTINT","TOT","PC_PA","A","1991",11.71167,
"FIN","LTINT","TOT","PC_PA","A","1992",11.9725,
"FIN","LTINT","TOT","PC_PA","A","1993",8.825,
"FIN","LTINT","TOT","PC_PA","A","1994",9.036667,
"FIN","LTINT","TOT","PC_PA","A","1995",8.791667,
"FIN","LTINT","TOT","PC_PA","A","1996",7.076667,
"FIN","LTINT","TOT","PC_PA","A","1997",5.9575,
"FIN","LTINT","TOT","PC_PA","A","1998",4.7875,
"FIN","LTINT","TOT","PC_PA","A","1999",4.7225,
"FIN","LTINT","TOT","PC_PA","A","2000",5.4825,
"FIN","LTINT","TOT","PC_PA","A","2001",5.043334,
"FIN","LTINT","TOT","PC_PA","A","2002",4.980834,
"FIN","LTINT","TOT","PC_PA","A","2003",4.135,
"FIN","LTINT","TOT","PC_PA","A","2004",4.109167,
"FIN","LTINT","TOT","PC_PA","A","2005",3.350833,
"FIN","LTINT","TOT","PC_PA","A","2006",3.7825,
"FIN","LTINT","TOT","PC_PA","A","2007",4.293334,
"FIN","LTINT","TOT","PC_PA","A","2008",4.29,
"FIN","LTINT","TOT","PC_PA","A","2009",3.738333,
"FIN","LTINT","TOT","PC_PA","A","2010",3.010833,
"FIN","LTINT","TOT","PC_PA","A","2011",3.005833,
"FIN","LTINT","TOT","PC_PA","A","2012",1.883333,
"FIN","LTINT","TOT","PC_PA","A","2013",1.860833,
"FIN","LTINT","TOT","PC_PA","A","2014",1.448333,
"FIN","LTINT","TOT","PC_PA","A","2015",0.7233334,
"FIN","LTINT","TOT","PC_PA","A","2016",0.365,
"FIN","LTINT","TOT","PC_PA","A","2017",0.5466667,
"FIN","LTINT","TOT","PC_PA","A","2018",0.6616667,
"FIN","LTINT","TOT","PC_PA","A","2019",0.07,
"FIN","LTINT","TOT","PC_PA","A","2020",-0.2191667,
"FIN","LTINT","TOT","PC_PA","A","2021",-0.09507604,
"POL","LTINT","TOT","PC_PA","A","2001",10.68167,
"POL","LTINT","TOT","PC_PA","A","2002",7.355834,
"POL","LTINT","TOT","PC_PA","A","2003",5.7775,
"POL","LTINT","TOT","PC_PA","A","2004",6.896667,
"POL","LTINT","TOT","PC_PA","A","2005",5.218333,
"POL","LTINT","TOT","PC_PA","A","2006",5.231667,
"POL","LTINT","TOT","PC_PA","A","2007",5.484334,
"POL","LTINT","TOT","PC_PA","A","2008",6.071667,
"POL","LTINT","TOT","PC_PA","A","2009",6.120598,
"POL","LTINT","TOT","PC_PA","A","2010",5.781667,
"POL","LTINT","TOT","PC_PA","A","2011",5.955583,
"POL","LTINT","TOT","PC_PA","A","2012",4.999283,
"POL","LTINT","TOT","PC_PA","A","2013",4.033292,
"POL","LTINT","TOT","PC_PA","A","2014",3.516211,
"POL","LTINT","TOT","PC_PA","A","2015",2.700557,
"POL","LTINT","TOT","PC_PA","A","2016",3.035689,
"POL","LTINT","TOT","PC_PA","A","2017",3.42,
"POL","LTINT","TOT","PC_PA","A","2018",3.198333,
"POL","LTINT","TOT","PC_PA","A","2019",2.3475,
"POL","LTINT","TOT","PC_PA","A","2020",1.499167,
"POL","LTINT","TOT","PC_PA","A","2021",1.944167,
"GBR","LTINT","TOT","PC_PA","A","1960",5.855834,
"GBR","LTINT","TOT","PC_PA","A","1961",6.264167,
"GBR","LTINT","TOT","PC_PA","A","1962",5.764167,
"GBR","LTINT","TOT","PC_PA","A","1963",5.165833,
"GBR","LTINT","TOT","PC_PA","A","1964",5.7025,
"GBR","LTINT","TOT","PC_PA","A","1965",6.551667,
"GBR","LTINT","TOT","PC_PA","A","1966",6.866667,
"GBR","LTINT","TOT","PC_PA","A","1967",6.7,
"GBR","LTINT","TOT","PC_PA","A","1968",7.509167,
"GBR","LTINT","TOT","PC_PA","A","1969",8.83,
"GBR","LTINT","TOT","PC_PA","A","1970",8.634167,
"GBR","LTINT","TOT","PC_PA","A","1971",7.868333,
"GBR","LTINT","TOT","PC_PA","A","1972",8.375,
"GBR","LTINT","TOT","PC_PA","A","1973",10.55833,
"GBR","LTINT","TOT","PC_PA","A","1974",14.20667,
"GBR","LTINT","TOT","PC_PA","A","1975",13.18167,
"GBR","LTINT","TOT","PC_PA","A","1976",13.61,
"GBR","LTINT","TOT","PC_PA","A","1977",12.0275,
"GBR","LTINT","TOT","PC_PA","A","1978",12.065,
"GBR","LTINT","TOT","PC_PA","A","1979",12.94583,
"GBR","LTINT","TOT","PC_PA","A","1980",13.91333,
"GBR","LTINT","TOT","PC_PA","A","1981",14.88333,
"GBR","LTINT","TOT","PC_PA","A","1982",13.085,
"GBR","LTINT","TOT","PC_PA","A","1983",11.26833,
"GBR","LTINT","TOT","PC_PA","A","1984",11.1275,
"GBR","LTINT","TOT","PC_PA","A","1985",10.97,
"GBR","LTINT","TOT","PC_PA","A","1986",10.135,
"GBR","LTINT","TOT","PC_PA","A","1987",9.570833,
"GBR","LTINT","TOT","PC_PA","A","1988",9.675834,
"GBR","LTINT","TOT","PC_PA","A","1989",10.19083,
"GBR","LTINT","TOT","PC_PA","A","1990",11.8025,
"GBR","LTINT","TOT","PC_PA","A","1991",10.105,
"GBR","LTINT","TOT","PC_PA","A","1992",9.063334,
"GBR","LTINT","TOT","PC_PA","A","1993",7.479609,
"GBR","LTINT","TOT","PC_PA","A","1994",8.1221,
"GBR","LTINT","TOT","PC_PA","A","1995",8.200283,
"GBR","LTINT","TOT","PC_PA","A","1996",7.810184,
"GBR","LTINT","TOT","PC_PA","A","1997",7.052592,
"GBR","LTINT","TOT","PC_PA","A","1998",5.550958,
"GBR","LTINT","TOT","PC_PA","A","1999",5.093525,
"GBR","LTINT","TOT","PC_PA","A","2000",5.328975,
"GBR","LTINT","TOT","PC_PA","A","2001",4.9295,
"GBR","LTINT","TOT","PC_PA","A","2002",4.894242,
"GBR","LTINT","TOT","PC_PA","A","2003",4.526592,
"GBR","LTINT","TOT","PC_PA","A","2004",4.882267,
"GBR","LTINT","TOT","PC_PA","A","2005",4.413892,
"GBR","LTINT","TOT","PC_PA","A","2006",4.501675,
"GBR","LTINT","TOT","PC_PA","A","2007",5.011275,
"GBR","LTINT","TOT","PC_PA","A","2008",4.590725,
"GBR","LTINT","TOT","PC_PA","A","2009",3.647517,
"GBR","LTINT","TOT","PC_PA","A","2010",3.624425,
"GBR","LTINT","TOT","PC_PA","A","2011",3.135992,
"GBR","LTINT","TOT","PC_PA","A","2012",1.918042,
"GBR","LTINT","TOT","PC_PA","A","2013",2.389783,
"GBR","LTINT","TOT","PC_PA","A","2014",2.569083,
"GBR","LTINT","TOT","PC_PA","A","2015",1.901033,
"GBR","LTINT","TOT","PC_PA","A","2016",1.305208,
"GBR","LTINT","TOT","PC_PA","A","2017",1.235808,
"GBR","LTINT","TOT","PC_PA","A","2018",1.460658,
"GBR","LTINT","TOT","PC_PA","A","2019",0.935825,
"GBR","LTINT","TOT","PC_PA","A","2020",0.3744417,
"GBR","LTINT","TOT","PC_PA","A","2021",0.7876083,
"AUT","LTINT","TOT","PC_PA","A","1990",8.7275,
"AUT","LTINT","TOT","PC_PA","A","1991",8.546667,
"AUT","LTINT","TOT","PC_PA","A","1992",8.139167,
"AUT","LTINT","TOT","PC_PA","A","1993",6.704325,
"AUT","LTINT","TOT","PC_PA","A","1994",7.025466,
"AUT","LTINT","TOT","PC_PA","A","1995",7.135075,
"AUT","LTINT","TOT","PC_PA","A","1996",6.321466,
"AUT","LTINT","TOT","PC_PA","A","1997",5.682842,
"AUT","LTINT","TOT","PC_PA","A","1998",4.7135,
"AUT","LTINT","TOT","PC_PA","A","1999",4.6809,
"AUT","LTINT","TOT","PC_PA","A","2000",5.5554,
"AUT","LTINT","TOT","PC_PA","A","2001",5.080167,
"AUT","LTINT","TOT","PC_PA","A","2002",4.9638,
"AUT","LTINT","TOT","PC_PA","A","2003",4.140867,
"AUT","LTINT","TOT","PC_PA","A","2004",4.130892,
"AUT","LTINT","TOT","PC_PA","A","2005",3.393733,
"AUT","LTINT","TOT","PC_PA","A","2006",3.800842,
"AUT","LTINT","TOT","PC_PA","A","2007",4.297083,
"AUT","LTINT","TOT","PC_PA","A","2008",4.358525,
"AUT","LTINT","TOT","PC_PA","A","2009",3.937633,
"AUT","LTINT","TOT","PC_PA","A","2010",3.226383,
"AUT","LTINT","TOT","PC_PA","A","2011",3.319658,
"AUT","LTINT","TOT","PC_PA","A","2012",2.371175,
"AUT","LTINT","TOT","PC_PA","A","2013",2.010758,
"AUT","LTINT","TOT","PC_PA","A","2014",1.487292,
"AUT","LTINT","TOT","PC_PA","A","2015",0.7470416,
"AUT","LTINT","TOT","PC_PA","A","2016",0.3753833,
"AUT","LTINT","TOT","PC_PA","A","2017",0.5832833,
"AUT","LTINT","TOT","PC_PA","A","2018",0.6861584,
"AUT","LTINT","TOT","PC_PA","A","2019",0.06293333,
"AUT","LTINT","TOT","PC_PA","A","2020",-0.22485,
"AUT","LTINT","TOT","PC_PA","A","2021",-0.08538333,
"ESP","LTINT","TOT","PC_PA","A","1980",15.96083,
"ESP","LTINT","TOT","PC_PA","A","1981",15.81167,
"ESP","LTINT","TOT","PC_PA","A","1982",15.9875,
"ESP","LTINT","TOT","PC_PA","A","1983",16.90917,
"ESP","LTINT","TOT","PC_PA","A","1984",16.5225,
"ESP","LTINT","TOT","PC_PA","A","1985",13.3675,
"ESP","LTINT","TOT","PC_PA","A","1986",11.35417,
"ESP","LTINT","TOT","PC_PA","A","1987",12.81333,
"ESP","LTINT","TOT","PC_PA","A","1988",11.74417,
"ESP","LTINT","TOT","PC_PA","A","1989",13.60058,
"ESP","LTINT","TOT","PC_PA","A","1990",14.6775,
"ESP","LTINT","TOT","PC_PA","A","1991",12.36055,
"ESP","LTINT","TOT","PC_PA","A","1992",11.69519,
"ESP","LTINT","TOT","PC_PA","A","1993",10.21079,
"ESP","LTINT","TOT","PC_PA","A","1994",9.997791,
"ESP","LTINT","TOT","PC_PA","A","1995",11.27094,
"ESP","LTINT","TOT","PC_PA","A","1996",8.736462,
"ESP","LTINT","TOT","PC_PA","A","1997",6.401535,
"ESP","LTINT","TOT","PC_PA","A","1998",4.832926,
"ESP","LTINT","TOT","PC_PA","A","1999",4.727312,
"ESP","LTINT","TOT","PC_PA","A","2000",5.525866,
"ESP","LTINT","TOT","PC_PA","A","2001",5.115284,
"ESP","LTINT","TOT","PC_PA","A","2002",4.957641,
"ESP","LTINT","TOT","PC_PA","A","2003",4.123044,
"ESP","LTINT","TOT","PC_PA","A","2004",4.104143,
"ESP","LTINT","TOT","PC_PA","A","2005",3.386349,
"ESP","LTINT","TOT","PC_PA","A","2006",3.78431,
"ESP","LTINT","TOT","PC_PA","A","2007",4.306627,
"ESP","LTINT","TOT","PC_PA","A","2008",4.363732,
"ESP","LTINT","TOT","PC_PA","A","2009",3.974298,
"ESP","LTINT","TOT","PC_PA","A","2010",4.250001,
"ESP","LTINT","TOT","PC_PA","A","2011",5.436894,
"ESP","LTINT","TOT","PC_PA","A","2012",5.846537,
"ESP","LTINT","TOT","PC_PA","A","2013",4.561962,
"ESP","LTINT","TOT","PC_PA","A","2014",2.721831,
"ESP","LTINT","TOT","PC_PA","A","2015",1.735087,
"ESP","LTINT","TOT","PC_PA","A","2016",1.393302,
"ESP","LTINT","TOT","PC_PA","A","2017",1.557866,
"ESP","LTINT","TOT","PC_PA","A","2018",1.419352,
"ESP","LTINT","TOT","PC_PA","A","2019",0.6610183,
"ESP","LTINT","TOT","PC_PA","A","2020",0.3794776,
"ESP","LTINT","TOT","PC_PA","A","2021",0.3487502,
"HUN","LTINT","TOT","PC_PA","A","2000",8.55,
"HUN","LTINT","TOT","PC_PA","A","2001",7.945,
"HUN","LTINT","TOT","PC_PA","A","2002",7.085834,
"HUN","LTINT","TOT","PC_PA","A","2003",6.773334,
"HUN","LTINT","TOT","PC_PA","A","2004",8.291667,
"HUN","LTINT","TOT","PC_PA","A","2005",6.598333,
"HUN","LTINT","TOT","PC_PA","A","2006",7.115833,
"HUN","LTINT","TOT","PC_PA","A","2007",6.744167,
"HUN","LTINT","TOT","PC_PA","A","2008",8.238334,
"HUN","LTINT","TOT","PC_PA","A","2009",9.123333,
"HUN","LTINT","TOT","PC_PA","A","2010",7.281667,
"HUN","LTINT","TOT","PC_PA","A","2011",7.635409,
"HUN","LTINT","TOT","PC_PA","A","2012",7.890833,
"HUN","LTINT","TOT","PC_PA","A","2013",5.923333,
"HUN","LTINT","TOT","PC_PA","A","2014",4.809166,
"HUN","LTINT","TOT","PC_PA","A","2015",3.4325,
"HUN","LTINT","TOT","PC_PA","A","2016",3.143333,
"HUN","LTINT","TOT","PC_PA","A","2017",2.9625,
"HUN","LTINT","TOT","PC_PA","A","2018",3.058333,
"HUN","LTINT","TOT","PC_PA","A","2019",2.465,
"HUN","LTINT","TOT","PC_PA","A","2020",2.225,
"HUN","LTINT","TOT","PC_PA","A","2021",3.060833,
"BEL","LTINT","TOT","PC_PA","A","1955",4.614167,
"BEL","LTINT","TOT","PC_PA","A","1956",4.759167,
"BEL","LTINT","TOT","PC_PA","A","1957",6.065,
"BEL","LTINT","TOT","PC_PA","A","1958",5.410833,
"BEL","LTINT","TOT","PC_PA","A","1959",5.020833,
"BEL","LTINT","TOT","PC_PA","A","1960",5.548333,
"BEL","LTINT","TOT","PC_PA","A","1961",5.871666,
"BEL","LTINT","TOT","PC_PA","A","1962",5.1775,
"BEL","LTINT","TOT","PC_PA","A","1963",5.2825,
"BEL","LTINT","TOT","PC_PA","A","1964",6.451667,
"BEL","LTINT","TOT","PC_PA","A","1965",6.438334,
"BEL","LTINT","TOT","PC_PA","A","1966",6.651667,
"BEL","LTINT","TOT","PC_PA","A","1967",6.684166,
"BEL","LTINT","TOT","PC_PA","A","1968",6.545,
"BEL","LTINT","TOT","PC_PA","A","1969",7.293334,
"BEL","LTINT","TOT","PC_PA","A","1970",7.804167,
"BEL","LTINT","TOT","PC_PA","A","1971",7.321667,
"BEL","LTINT","TOT","PC_PA","A","1972",7.044167,
"BEL","LTINT","TOT","PC_PA","A","1973",7.494167,
"BEL","LTINT","TOT","PC_PA","A","1974",8.768333,
"BEL","LTINT","TOT","PC_PA","A","1975",8.515833,
"BEL","LTINT","TOT","PC_PA","A","1976",9.088333,
"BEL","LTINT","TOT","PC_PA","A","1977",8.7625,
"BEL","LTINT","TOT","PC_PA","A","1978",8.9275,
"BEL","LTINT","TOT","PC_PA","A","1979",9.693334,
"BEL","LTINT","TOT","PC_PA","A","1980",11.9,
"BEL","LTINT","TOT","PC_PA","A","1981",13.43667,
"BEL","LTINT","TOT","PC_PA","A","1982",13.42833,
"BEL","LTINT","TOT","PC_PA","A","1983",11.94083,
"BEL","LTINT","TOT","PC_PA","A","1984",12.2425,
"BEL","LTINT","TOT","PC_PA","A","1985",10.96833,
"BEL","LTINT","TOT","PC_PA","A","1986",8.625834,
"BEL","LTINT","TOT","PC_PA","A","1987",8.184167,
"BEL","LTINT","TOT","PC_PA","A","1988",8.0075,
"BEL","LTINT","TOT","PC_PA","A","1989",8.539166,
"BEL","LTINT","TOT","PC_PA","A","1990",10.00667,
"BEL","LTINT","TOT","PC_PA","A","1991",9.285833,
"BEL","LTINT","TOT","PC_PA","A","1992",8.653334,
"BEL","LTINT","TOT","PC_PA","A","1993",7.228333,
"BEL","LTINT","TOT","PC_PA","A","1994",7.750834,
"BEL","LTINT","TOT","PC_PA","A","1995",7.480834,
"BEL","LTINT","TOT","PC_PA","A","1996",6.4925,
"BEL","LTINT","TOT","PC_PA","A","1997",5.753334,
"BEL","LTINT","TOT","PC_PA","A","1998",4.751667,
"BEL","LTINT","TOT","PC_PA","A","1999",4.749166,
"BEL","LTINT","TOT","PC_PA","A","2000",5.5925,
"BEL","LTINT","TOT","PC_PA","A","2001",5.130833,
"BEL","LTINT","TOT","PC_PA","A","2002",4.986667,
"BEL","LTINT","TOT","PC_PA","A","2003",4.180833,
"BEL","LTINT","TOT","PC_PA","A","2004",4.1525,
"BEL","LTINT","TOT","PC_PA","A","2005",3.428333,
"BEL","LTINT","TOT","PC_PA","A","2006",3.815,
"BEL","LTINT","TOT","PC_PA","A","2007",4.328333,
"BEL","LTINT","TOT","PC_PA","A","2008",4.4175,
"BEL","LTINT","TOT","PC_PA","A","2009",3.901667,
"BEL","LTINT","TOT","PC_PA","A","2010",3.4625,
"BEL","LTINT","TOT","PC_PA","A","2011",4.233333,
"BEL","LTINT","TOT","PC_PA","A","2012",3,
"BEL","LTINT","TOT","PC_PA","A","2013",2.41,
"BEL","LTINT","TOT","PC_PA","A","2014",1.713333,
"BEL","LTINT","TOT","PC_PA","A","2015",0.84,
"BEL","LTINT","TOT","PC_PA","A","2016",0.4758333,
"BEL","LTINT","TOT","PC_PA","A","2017",0.7225,
"BEL","LTINT","TOT","PC_PA","A","2018",0.795,
"BEL","LTINT","TOT","PC_PA","A","2019",0.1933333,
"BEL","LTINT","TOT","PC_PA","A","2020",-0.1483333,
"BEL","LTINT","TOT","PC_PA","A","2021",-0.01416667,
"KOR","LTINT","TOT","PC_PA","A","2001",6.855,
"KOR","LTINT","TOT","PC_PA","A","2002",6.586667,
"KOR","LTINT","TOT","PC_PA","A","2003",5.048333,
"KOR","LTINT","TOT","PC_PA","A","2004",4.728333,
"KOR","LTINT","TOT","PC_PA","A","2005",4.95,
"KOR","LTINT","TOT","PC_PA","A","2006",5.151667,
"KOR","LTINT","TOT","PC_PA","A","2007",5.350833,
"KOR","LTINT","TOT","PC_PA","A","2008",5.568333,
"KOR","LTINT","TOT","PC_PA","A","2009",5.165833,
"KOR","LTINT","TOT","PC_PA","A","2010",4.773334,
"KOR","LTINT","TOT","PC_PA","A","2011",4.2025,
"KOR","LTINT","TOT","PC_PA","A","2012",3.4475,
"KOR","LTINT","TOT","PC_PA","A","2013",3.278083,
"KOR","LTINT","TOT","PC_PA","A","2014",3.186333,
"KOR","LTINT","TOT","PC_PA","A","2015",2.30575,
"KOR","LTINT","TOT","PC_PA","A","2016",1.747417,
"KOR","LTINT","TOT","PC_PA","A","2017",2.282583,
"KOR","LTINT","TOT","PC_PA","A","2018",2.50275,
"KOR","LTINT","TOT","PC_PA","A","2019",1.70225,
"KOR","LTINT","TOT","PC_PA","A","2020",1.499667,
"KOR","LTINT","TOT","PC_PA","A","2021",2.0645,
"EA19","LTINT","TOT","PC_PA","A","1970",8.22575,
"EA19","LTINT","TOT","PC_PA","A","1971",7.9161,
"EA19","LTINT","TOT","PC_PA","A","1972",7.633708,
"EA19","LTINT","TOT","PC_PA","A","1973",8.399734,
"EA19","LTINT","TOT","PC_PA","A","1974",10.17246,
"EA19","LTINT","TOT","PC_PA","A","1975",9.548141,
"EA19","LTINT","TOT","PC_PA","A","1976",10.07397,
"EA19","LTINT","TOT","PC_PA","A","1977",10.14996,
"EA19","LTINT","TOT","PC_PA","A","1978",9.66,
"EA19","LTINT","TOT","PC_PA","A","1979",10.40996,
"EA19","LTINT","TOT","PC_PA","A","1980",12.37215,
"EA19","LTINT","TOT","PC_PA","A","1981",14.55317,
"EA19","LTINT","TOT","PC_PA","A","1982",14.3112,
"EA19","LTINT","TOT","PC_PA","A","1983",13.03796,
"EA19","LTINT","TOT","PC_PA","A","1984",12.18527,
"EA19","LTINT","TOT","PC_PA","A","1985",10.6877,
"EA19","LTINT","TOT","PC_PA","A","1986",8.8103,
"EA19","LTINT","TOT","PC_PA","A","1987",9.061459,
"EA19","LTINT","TOT","PC_PA","A","1988",8.970959,
"EA19","LTINT","TOT","PC_PA","A","1989",9.6807,
"EA19","LTINT","TOT","PC_PA","A","1990",10.86625,
"EA19","LTINT","TOT","PC_PA","A","1991",10.16043,
"EA19","LTINT","TOT","PC_PA","A","1992",9.830234,
"EA19","LTINT","TOT","PC_PA","A","1993",8.424183,
"EA19","LTINT","TOT","PC_PA","A","1994",8.175834,
"EA19","LTINT","TOT","PC_PA","A","1995",8.729167,
"EA19","LTINT","TOT","PC_PA","A","1996",7.2325,
"EA19","LTINT","TOT","PC_PA","A","1997",5.958333,
"EA19","LTINT","TOT","PC_PA","A","1998",4.703333,
"EA19","LTINT","TOT","PC_PA","A","1999",4.65515,
"EA19","LTINT","TOT","PC_PA","A","2000",5.438875,
"EA19","LTINT","TOT","PC_PA","A","2001",5.0273,
"EA19","LTINT","TOT","PC_PA","A","2002",4.922908,
"EA19","LTINT","TOT","PC_PA","A","2003",4.160858,
"EA19","LTINT","TOT","PC_PA","A","2004",4.140792,
"EA19","LTINT","TOT","PC_PA","A","2005",3.440875,
"EA19","LTINT","TOT","PC_PA","A","2006",3.859517,
"EA19","LTINT","TOT","PC_PA","A","2007",4.3317,
"EA19","LTINT","TOT","PC_PA","A","2008",4.356,
"EA19","LTINT","TOT","PC_PA","A","2009",4.028792,
"EA19","LTINT","TOT","PC_PA","A","2010",3.781917,
"EA19","LTINT","TOT","PC_PA","A","2011",4.311008,
"EA19","LTINT","TOT","PC_PA","A","2012",3.04785,
"EA19","LTINT","TOT","PC_PA","A","2013",3.011858,
"EA19","LTINT","TOT","PC_PA","A","2014",2.28165,
"EA19","LTINT","TOT","PC_PA","A","2015",1.269217,
"EA19","LTINT","TOT","PC_PA","A","2016",0.9294167,
"EA19","LTINT","TOT","PC_PA","A","2017",1.170375,
"EA19","LTINT","TOT","PC_PA","A","2018",1.264742,
"EA19","LTINT","TOT","PC_PA","A","2019",0.5844333,
"EA19","LTINT","TOT","PC_PA","A","2020",0.2131917,
"EA19","LTINT","TOT","PC_PA","A","2021",0.1999,
"COL","LTINT","TOT","PC_PA","A","2003",15.23316,
"COL","LTINT","TOT","PC_PA","A","2004",14.32949,
"COL","LTINT","TOT","PC_PA","A","2005",11.64633,
"COL","LTINT","TOT","PC_PA","A","2006",9.176215,
"COL","LTINT","TOT","PC_PA","A","2007",10.0247,
"COL","LTINT","TOT","PC_PA","A","2008",11.90042,
"COL","LTINT","TOT","PC_PA","A","2009",9.560506,
"COL","LTINT","TOT","PC_PA","A","2010",8.476134,
"COL","LTINT","TOT","PC_PA","A","2011",8.103227,
"COL","LTINT","TOT","PC_PA","A","2012",6.820576,
"COL","LTINT","TOT","PC_PA","A","2013",6.497984,
"COL","LTINT","TOT","PC_PA","A","2014",7.056633,
"COL","LTINT","TOT","PC_PA","A","2015",7.871916,
"COL","LTINT","TOT","PC_PA","A","2016",7.9225,
"COL","LTINT","TOT","PC_PA","A","2017",6.816667,
"COL","LTINT","TOT","PC_PA","A","2018",7.009167,
"COL","LTINT","TOT","PC_PA","A","2019",6.4975,
"COL","LTINT","TOT","PC_PA","A","2020",6.333333,
"COL","LTINT","TOT","PC_PA","A","2021",7.624166,
"LVA","LTINT","TOT","PC_PA","A","2001",7.573333,
"LVA","LTINT","TOT","PC_PA","A","2002",5.408333,
"LVA","LTINT","TOT","PC_PA","A","2003",4.900833,
"LVA","LTINT","TOT","PC_PA","A","2004",4.8575,
"LVA","LTINT","TOT","PC_PA","A","2005",3.875,
"LVA","LTINT","TOT","PC_PA","A","2006",4.133333,
"LVA","LTINT","TOT","PC_PA","A","2007",5.2825,
"LVA","LTINT","TOT","PC_PA","A","2008",6.431667,
"LVA","LTINT","TOT","PC_PA","A","2009",12.3575,
"LVA","LTINT","TOT","PC_PA","A","2010",10.3375,
"LVA","LTINT","TOT","PC_PA","A","2011",5.9075,
"LVA","LTINT","TOT","PC_PA","A","2012",4.565,
"LVA","LTINT","TOT","PC_PA","A","2013",3.34,
"LVA","LTINT","TOT","PC_PA","A","2014",2.508333,
"LVA","LTINT","TOT","PC_PA","A","2015",0.9633333,
"LVA","LTINT","TOT","PC_PA","A","2016",0.5341667,
"LVA","LTINT","TOT","PC_PA","A","2017",0.8341666,
"LVA","LTINT","TOT","PC_PA","A","2018",0.9025,
"LVA","LTINT","TOT","PC_PA","A","2019",0.3425,
"LVA","LTINT","TOT","PC_PA","A","2020",-0.0625,
"LVA","LTINT","TOT","PC_PA","A","2021",-0.0025,
"LTU","LTINT","TOT","PC_PA","A","2001",8.15225,
"LTU","LTINT","TOT","PC_PA","A","2002",6.06325,
"LTU","LTINT","TOT","PC_PA","A","2003",5.320333,
"LTU","LTINT","TOT","PC_PA","A","2004",4.502584,
"LTU","LTINT","TOT","PC_PA","A","2005",3.697417,
"LTU","LTINT","TOT","PC_PA","A","2006",4.078667,
"LTU","LTINT","TOT","PC_PA","A","2007",4.54475,
"LTU","LTINT","TOT","PC_PA","A","2008",5.60775,
"LTU","LTINT","TOT","PC_PA","A","2009",14.00442,
"LTU","LTINT","TOT","PC_PA","A","2010",5.566667,
"LTU","LTINT","TOT","PC_PA","A","2011",5.16,
"LTU","LTINT","TOT","PC_PA","A","2012",4.830833,
"LTU","LTINT","TOT","PC_PA","A","2013",3.831667,
"LTU","LTINT","TOT","PC_PA","A","2014",2.7925,
"LTU","LTINT","TOT","PC_PA","A","2015",1.380833,
"LTU","LTINT","TOT","PC_PA","A","2016",0.8983333,
"LTU","LTINT","TOT","PC_PA","A","2017",0.31,
"LTU","LTINT","TOT","PC_PA","A","2018",0.31,
"LTU","LTINT","TOT","PC_PA","A","2019",0.31,
"LTU","LTINT","TOT","PC_PA","A","2020",0.2233333,
"LTU","LTINT","TOT","PC_PA","A","2021",0.16,
"CRI","LTINT","TOT","PC_PA","A","2014",9.704166,
"CRI","LTINT","TOT","PC_PA","A","2015",10.10333,
"CRI","LTINT","TOT","PC_PA","A","2016",8.720834,
"CRI","LTINT","TOT","PC_PA","A","2017",8.7975,
"CRI","LTINT","TOT","PC_PA","A","2018",10.05273,
"CRI","LTINT","TOT","PC_PA","A","2019",10.33636,
"IND","LTINT","TOT","PC_PA","A","2012",8.259556,
"IND","LTINT","TOT","PC_PA","A","2013",8.109959,
"IND","LTINT","TOT","PC_PA","A","2014",8.586291,
"IND","LTINT","TOT","PC_PA","A","2015",7.776181,
"IND","LTINT","TOT","PC_PA","A","2016",7.205917,
"IND","LTINT","TOT","PC_PA","A","2017",6.92425,
"IND","LTINT","TOT","PC_PA","A","2018",7.704333,
"IND","LTINT","TOT","PC_PA","A","2019",6.993,
"IND","LTINT","TOT","PC_PA","A","2020",6.1575,
"IND","LTINT","TOT","PC_PA","A","2021",6.258333,
"EST","LTINT","TOT","PC_PA","A","2021",0.06333333,
"IDN","LTINT","TOT","PC_PA","A","2012",5.795833,
"IDN","LTINT","TOT","PC_PA","A","2013",6.9875,
"IDN","LTINT","TOT","PC_PA","A","2014",8.131667,
"IDN","LTINT","TOT","PC_PA","A","2015",8.221666,
"IDN","LTINT","TOT","PC_PA","A","2016",7.638333,
"IDN","LTINT","TOT","PC_PA","A","2017",6.878334,
"IDN","LTINT","TOT","PC_PA","A","2018",7.4575,
"IDN","LTINT","TOT","PC_PA","A","2019",7.4653,
"IDN","LTINT","TOT","PC_PA","A","2020",6.904896,
"IDN","LTINT","TOT","PC_PA","A","2021",6.362951,
"BRA","LTINT","TOT","PC_PA","A","1995",23.39167,
"BRA","LTINT","TOT","PC_PA","A","1996",16.05917,
"BRA","LTINT","TOT","PC_PA","A","1997",10.13083,
"BRA","LTINT","TOT","PC_PA","A","1998",11.67333,
"BRA","LTINT","TOT","PC_PA","A","1999",13.2175,
"BRA","LTINT","TOT","PC_PA","A","2000",10.75,
"BRA","LTINT","TOT","PC_PA","A","2001",9.5,
"BRA","LTINT","TOT","PC_PA","A","2002",9.875,
"BRA","LTINT","TOT","PC_PA","A","2003",11.5,
"BRA","LTINT","TOT","PC_PA","A","2004",9.8125,
"BRA","LTINT","TOT","PC_PA","A","2005",9.75,
"BRA","LTINT","TOT","PC_PA","A","2006",7.875,
"BRA","LTINT","TOT","PC_PA","A","2007",6.375,
"BRA","LTINT","TOT","PC_PA","A","2008",6.25,
"BRA","LTINT","TOT","PC_PA","A","2009",6.125,
"BRA","LTINT","TOT","PC_PA","A","2010",6,
"BRA","LTINT","TOT","PC_PA","A","2011",6,
"BRA","LTINT","TOT","PC_PA","A","2012",5.75,
"BRA","LTINT","TOT","PC_PA","A","2013",5,
"BRA","LTINT","TOT","PC_PA","A","2014",5,
"BRA","LTINT","TOT","PC_PA","A","2015",6.25,
"BRA","LTINT","TOT","PC_PA","A","2016",7.5,
"BRA","LTINT","TOT","PC_PA","A","2017",7.125,
"BRA","LTINT","TOT","PC_PA","A","2018",6.7225,
"BRA","LTINT","TOT","PC_PA","A","2019",6.2025,
"BRA","LTINT","TOT","PC_PA","A","2020",4.8725,
"BRA","LTINT","TOT","PC_PA","A","2021",4.8,
"CHN","LTINT","TOT","PC_PA","A","2014",4.104116,
"CHN","LTINT","TOT","PC_PA","A","2015",3.333883,
"CHN","LTINT","TOT","PC_PA","A","2016",2.850067,
"CHN","LTINT","TOT","PC_PA","A","2017",3.591667,
"CHN","LTINT","TOT","PC_PA","A","2018",3.579167,
"CHN","LTINT","TOT","PC_PA","A","2019",3.1813,
"CHN","LTINT","TOT","PC_PA","A","2020",2.924433,
"CHN","LTINT","TOT","PC_PA","A","2021",3.005533,
"BGR","LTINT","TOT","PC_PA","A","2003",6.446667,
"BGR","LTINT","TOT","PC_PA","A","2004",5.36,
"BGR","LTINT","TOT","PC_PA","A","2005",3.874167,
"BGR","LTINT","TOT","PC_PA","A","2006",4.183333,
"BGR","LTINT","TOT","PC_PA","A","2007",4.539166,
"BGR","LTINT","TOT","PC_PA","A","2008",5.376667,
"BGR","LTINT","TOT","PC_PA","A","2009",7.215,
"BGR","LTINT","TOT","PC_PA","A","2010",6.005,
"BGR","LTINT","TOT","PC_PA","A","2011",5.356667,
"BGR","LTINT","TOT","PC_PA","A","2012",4.4975,
"BGR","LTINT","TOT","PC_PA","A","2013",3.473333,
"BGR","LTINT","TOT","PC_PA","A","2014",3.3475,
"BGR","LTINT","TOT","PC_PA","A","2015",2.491667,
"BGR","LTINT","TOT","PC_PA","A","2016",2.271667,
"BGR","LTINT","TOT","PC_PA","A","2017",1.6025,
"BGR","LTINT","TOT","PC_PA","A","2018",0.8925,
"BGR","LTINT","TOT","PC_PA","A","2019",0.4291667,
"BGR","LTINT","TOT","PC_PA","A","2020",0.2541667,
"BGR","LTINT","TOT","PC_PA","A","2021",0.1891667,
"HRV","LTINT","TOT","PC_PA","A","2006",4.43,
"HRV","LTINT","TOT","PC_PA","A","2007",4.933333,
"HRV","LTINT","TOT","PC_PA","A","2008",6.041667,
"HRV","LTINT","TOT","PC_PA","A","2009",7.8325,
"HRV","LTINT","TOT","PC_PA","A","2010",6.265,
"HRV","LTINT","TOT","PC_PA","A","2011",6.539166,
"HRV","LTINT","TOT","PC_PA","A","2012",6.129167,
"HRV","LTINT","TOT","PC_PA","A","2013",4.680833,
"HRV","LTINT","TOT","PC_PA","A","2014",4.050833,
"HRV","LTINT","TOT","PC_PA","A","2015",3.526667,
"HRV","LTINT","TOT","PC_PA","A","2016",3.475,
"HRV","LTINT","TOT","PC_PA","A","2017",2.7675,
"HRV","LTINT","TOT","PC_PA","A","2018",2.1725,
"HRV","LTINT","TOT","PC_PA","A","2019",1.2875,
"HRV","LTINT","TOT","PC_PA","A","2020",0.8333333,
"HRV","LTINT","TOT","PC_PA","A","2021",0.4475,
"ROU","LTINT","TOT","PC_PA","A","2006",7.228333,
"ROU","LTINT","TOT","PC_PA","A","2007",7.134167,
"ROU","LTINT","TOT","PC_PA","A","2008",7.6975,
"ROU","LTINT","TOT","PC_PA","A","2009",9.694167,
"ROU","LTINT","TOT","PC_PA","A","2010",7.336667,
"ROU","LTINT","TOT","PC_PA","A","2011",7.2925,
"ROU","LTINT","TOT","PC_PA","A","2012",6.679167,
"ROU","LTINT","TOT","PC_PA","A","2013",5.414166,
"ROU","LTINT","TOT","PC_PA","A","2014",4.494167,
"ROU","LTINT","TOT","PC_PA","A","2015",3.473333,
"ROU","LTINT","TOT","PC_PA","A","2016",3.319167,
"ROU","LTINT","TOT","PC_PA","A","2017",3.958333,
"ROU","LTINT","TOT","PC_PA","A","2018",4.686666,
"ROU","LTINT","TOT","PC_PA","A","2019",4.539166,
"ROU","LTINT","TOT","PC_PA","A","2020",3.893333,
"ROU","LTINT","TOT","PC_PA","A","2021",3.625,
